titulo,projeto_planner,status,prioridade,responsavel_email,criado_por_email,criado_em,data_inicio,data_vencimento,concluida_em,concluida_por_email,notas
Pedir números atualizados para revermos a proposta,AMBIENTIS,concluida,media,,renan.dipardi@orizonvr.com.br,2025-10-30,,,2025-11-17,renan.dipardi@orizonvr.com.br,
Verificar status do Deal,ECOSOLO,concluida,media,,renan.dipardi@orizonvr.com.br,2025-10-30,,,2025-11-17,renan.dipardi@orizonvr.com.br,Também atribuída a: Leonardo Santos
Cobrar retorno da proposta,MARQUISE,concluida,media,renan.dipardi@orizonvr.com.br,renan.dipardi@orizonvr.com.br,2025-10-30,,,2025-11-12,renan.dipardi@orizonvr.com.br,
Fechar modelo,RCC - Aracajú,concluida,media,ricardo.sarfatti@orizonvr.com.br,renan.dipardi@orizonvr.com.br,2025-10-30,,2025-11-12,2025-11-17,renan.dipardi@orizonvr.com.br,Aguardando retorno do Ramon com estimativas mais apuradas para fechar a modelagem | Também atribuída a: Vinicius Silva Sansiviero
Revisar NBO,RCC - Aracajú,concluida,media,renan.dipardi@orizonvr.com.br,renan.dipardi@orizonvr.com.br,2025-10-30,,2026-01-28,2026-02-10,renan.dipardi@orizonvr.com.br,
Verificar deal com Multilixo,TECIPAR,concluida,media,,renan.dipardi@orizonvr.com.br,2025-10-30,,,2026-03-02,francisco.targino@orizonvr.com.br,Também atribuída a: Leonardo Santos
Fechar Slide com cenários de venda de participação,URBAN,concluida,media,vinicius.sansiviero@orizonvr.com.br,renan.dipardi@orizonvr.com.br,2025-10-30,,,2025-11-12,renan.dipardi@orizonvr.com.br,
Validar com Marília??,URBAN,concluida,media,vinicius.sansiviero@orizonvr.com.br,renan.dipardi@orizonvr.com.br,2025-10-30,,,2025-11-12,renan.dipardi@orizonvr.com.br,
Diligência: EY tem que validar o EBITDA realizado.,VITAL,concluida,media,ricardo.sarfatti@orizonvr.com.br,renan.dipardi@orizonvr.com.br,2025-10-30,,,2025-11-12,renan.dipardi@orizonvr.com.br,
Dataroom: alinhar abertura,VITAL,concluida,media,ricardo.sarfatti@orizonvr.com.br,renan.dipardi@orizonvr.com.br,2025-10-30,,,2025-11-12,renan.dipardi@orizonvr.com.br,
DD Juridica: ficar no alerta para retomar,VITAL,concluida,media,ricardo.sarfatti@orizonvr.com.br,renan.dipardi@orizonvr.com.br,2025-10-30,,,2025-11-12,renan.dipardi@orizonvr.com.br,
Acompanhar noticias da Vital sobre sócios e ativos. Terá divulgação do 3T2025 em breve. Acompanhar relatórios de research,VITAL,concluida,media,ricardo.sarfatti@orizonvr.com.br,renan.dipardi@orizonvr.com.br,2025-10-30,,,2025-11-12,renan.dipardi@orizonvr.com.br,
Leo mandou contato do Manoel (Advogado Hudson). Falar com Manoel e verificar as pedencias para avançarmos.,Terreno - Mossoró,concluida,media,vinicius.sansiviero@orizonvr.com.br,renan.dipardi@orizonvr.com.br,2025-10-30,,2026-03-06,2026-03-02,francisco.targino@orizonvr.com.br,
Verificar estágio atual do licenciamento,Terreno - Mossoró,nao_iniciada,baixa,felipe.ferla@orizonvr.com.br,felipe.ferla@orizonvr.com.br,2026-06-10,,2026-06-26,,,"09.06.26 - Aguardando definição do LS sobre se seguiremos com a operação. Caso seja decidido seguir, é necessário definir o formato - (i) a regularização da área será condição precedente ou pós-fechamento?; (ii) recolhimento de ISS por Upanema ficará como, já que não houve nos últimos anos? Essa resolução será condição precedente ou pós-fechamento? (iii) a licença obtida foi em nome de Upanema (recebemos Declaração de Uso e Ocupação do Solo); será necessário uma para Mossoró? Se sim, será colocada como condição precedente ou pós-fechamento?"
Verificar estágio atual do licenciamento,Terreno - Mossoró,concluida,media,felipe.ferla@orizonvr.com.br,francisco.targino@orizonvr.com.br,2026-06-05,,2026-06-19,2026-06-10,felipe.ferla@orizonvr.com.br,"09.06.26 - Aguardando definição do LS sobre se seguiremos com a operação. Caso seja decidido seguir, é necessário definir o formato - (i) a regularização da área será condição precedente ou pós-fechamento?; (ii) recolhimento de ISS por Upanema ficará como, já que não houve nos últimos anos? Essa resolução será condição precedente ou pós-fechamento? (iii) a licença obtida foi em nome de Upanema (recebemos Declaração de Uso e Ocupação do Solo); será necessário uma para Mossoró? Se sim, será colocada como condição precedente ou pós-fechamento?"
Verificar estágio atual do licenciamento,Terreno - Mossoró,concluida,media,felipe.ferla@orizonvr.com.br,francisco.targino@orizonvr.com.br,2026-06-05,,2026-05-29,2026-06-05,francisco.targino@orizonvr.com.br,
Verificar estágio atual do licenciamento,Terreno - Mossoró,concluida,media,felipe.ferla@orizonvr.com.br,renan.dipardi@orizonvr.com.br,2026-04-26,,2026-05-19,2026-06-05,francisco.targino@orizonvr.com.br,
Verificar estágio atual do licenciamento,Terreno - Mossoró,concluida,media,felipe.ferla@orizonvr.com.br,renan.dipardi@orizonvr.com.br,2026-04-26,,2026-04-24,2026-04-26,renan.dipardi@orizonvr.com.br,
Verificar estágio atual do licenciamento,Terreno - Mossoró,concluida,media,felipe.ferla@orizonvr.com.br,francisco.targino@orizonvr.com.br,2026-04-13,,2026-04-17,2026-04-26,renan.dipardi@orizonvr.com.br,
Verificar estágio atual do licenciamento,Terreno - Mossoró,concluida,media,vinicius.sansiviero@orizonvr.com.br,vinicius.sansiviero@orizonvr.com.br,2026-03-24,,2026-04-10,2026-04-13,francisco.targino@orizonvr.com.br,
Verificar estágio atual do licenciamento,Terreno - Mossoró,concluida,media,vinicius.sansiviero@orizonvr.com.br,vinicius.sansiviero@orizonvr.com.br,2026-03-24,,2026-03-20,2026-03-24,vinicius.sansiviero@orizonvr.com.br,
Verificar estágio atual do licenciamento,Terreno - Mossoró,concluida,media,vinicius.sansiviero@orizonvr.com.br,francisco.targino@orizonvr.com.br,2026-03-02,,2026-03-13,2026-03-24,vinicius.sansiviero@orizonvr.com.br,
Verificar estágio atual do licenciamento,Terreno - Mossoró,concluida,media,vinicius.sansiviero@orizonvr.com.br,renan.dipardi@orizonvr.com.br,2025-10-30,,2026-03-06,2026-03-24,vinicius.sansiviero@orizonvr.com.br,
Fechar AA para enviar ao Ricardo,Aterro Rondonópolis,concluida,media,renan.dipardi@orizonvr.com.br,renan.dipardi@orizonvr.com.br,2025-10-30,,2025-11-03,2025-11-12,renan.dipardi@orizonvr.com.br,Também atribuída a: Leonardo Santos
Cobrar retorno do SPA,Aterro Rondonópolis,concluida,media,renan.dipardi@orizonvr.com.br,renan.dipardi@orizonvr.com.br,2025-10-30,,,2025-11-12,renan.dipardi@orizonvr.com.br,
Atualizar os números de receita de março até outubro (MAZARS),Aterro Rondonópolis,concluida,media,renan.dipardi@orizonvr.com.br,renan.dipardi@orizonvr.com.br,2025-10-30,,2025-11-19,2025-12-15,vinicius.sansiviero@orizonvr.com.br,
Montar material para conselho,Aterro Rondonópolis,concluida,media,renan.dipardi@orizonvr.com.br,renan.dipardi@orizonvr.com.br,2025-10-30,,,2025-11-12,renan.dipardi@orizonvr.com.br,
Fechar modelagem com o novo Gate Fee,Aterro Boa Vista,concluida,media,vinicius.sansiviero@orizonvr.com.br,renan.dipardi@orizonvr.com.br,2025-10-30,,,2025-11-03,renan.dipardi@orizonvr.com.br,
Verificar divulgação do Edital,Aterro Boa Vista,concluida,media,vinicius.sansiviero@orizonvr.com.br,renan.dipardi@orizonvr.com.br,2025-10-30,,2025-11-12,2026-02-19,vinicius.sansiviero@orizonvr.com.br,
Retornar contraproposta enviada pelo assessor,Aterro Rio das Pedras,concluida,media,ricardo.sarfatti@orizonvr.com.br,renan.dipardi@orizonvr.com.br,2025-10-30,,2025-11-17,2025-12-11,vinicius.sansiviero@orizonvr.com.br,"Está na mão do Leo | Também atribuída a: Renan Di Pardi, Vinicius Silva Sansiviero"
Cobrar analise de clientes - Comercial,Aterro Rio das Pedras,concluida,media,renan.dipardi@orizonvr.com.br,renan.dipardi@orizonvr.com.br,2025-10-30,,2025-11-12,2025-11-17,renan.dipardi@orizonvr.com.br,"30/10: Entender status dos contratos de Rio Claro, Limeira e Piracicaba | Também atribuída a: Vinicius Silva Sansiviero"
Verificar com Ismar o status do deal,Aterro Lara (PB),concluida,media,,renan.dipardi@orizonvr.com.br,2025-10-30,,,2026-03-02,renan.dipardi@orizonvr.com.br,Também atribuída a: Leonardo Santos
Cobrar Q&A enviado para Lavanerio.,Aterro Macapá,concluida,media,renan.dipardi@orizonvr.com.br,renan.dipardi@orizonvr.com.br,2025-10-30,,,2025-11-04,renan.dipardi@orizonvr.com.br,
Fechar modelo,Aterro Macapá,concluida,media,vinicius.sansiviero@orizonvr.com.br,renan.dipardi@orizonvr.com.br,2025-10-30,,,2025-12-11,vinicius.sansiviero@orizonvr.com.br,
Avançar DD Ambiental (alinhar com Fabio Zorzi),Aterro Macapá,concluida,media,renan.dipardi@orizonvr.com.br,renan.dipardi@orizonvr.com.br,2025-10-30,,,2025-11-12,renan.dipardi@orizonvr.com.br,
Alinhar Reuniões semanais com Lavanerio para acompanhamento do processo administrativo (renovação concessão).,Aterro Macapá,concluida,media,renan.dipardi@orizonvr.com.br,renan.dipardi@orizonvr.com.br,2025-10-30,,,2025-11-04,renan.dipardi@orizonvr.com.br,Alinhado para quinta às 06/11
Fechar modelo,Aterro Conchal,concluida,media,renan.dipardi@orizonvr.com.br,renan.dipardi@orizonvr.com.br,2025-10-30,,2025-11-05,2025-11-10,vinicius.sansiviero@orizonvr.com.br,Também atribuída a: Vinicius Silva Sansiviero
Cobrar análise de clientes - Comercial,Aterro Conchal,concluida,media,renan.dipardi@orizonvr.com.br,renan.dipardi@orizonvr.com.br,2025-10-30,,2025-11-05,2025-11-12,renan.dipardi@orizonvr.com.br,
Cobrar retorno do NBO - Rosenberg,Aterro Dois Arcos,concluida,media,renan.dipardi@orizonvr.com.br,renan.dipardi@orizonvr.com.br,2025-10-30,,,2025-11-04,renan.dipardi@orizonvr.com.br,
Lista de Info para fazer a proposta de DD,MARQUISE,concluida,media,vinicius.sansiviero@orizonvr.com.br,renan.dipardi@orizonvr.com.br,2025-11-03,,2025-11-19,2025-11-25,vinicius.sansiviero@orizonvr.com.br,
Receber acesso a VDR,Aterro Dois Arcos,concluida,media,renan.dipardi@orizonvr.com.br,renan.dipardi@orizonvr.com.br,2025-11-04,,,2025-11-06,renan.dipardi@orizonvr.com.br,
Fechar modelo visão interna,Aterro Dois Arcos,concluida,media,renan.dipardi@orizonvr.com.br,renan.dipardi@orizonvr.com.br,2025-11-04,,2025-11-28,2025-12-12,vinicius.sansiviero@orizonvr.com.br,
Apresentar modelagem para Léo validar (junto com Gozzi),URBAN,concluida,media,renan.dipardi@orizonvr.com.br,renan.dipardi@orizonvr.com.br,2025-11-12,,2025-11-18,2026-03-02,francisco.targino@orizonvr.com.br,Também atribuída a: Vinicius Silva Sansiviero
Enviar informações do checklist para  Fuzaro,Aterro Macapá,concluida,media,vinicius.sansiviero@orizonvr.com.br,renan.dipardi@orizonvr.com.br,2025-11-12,,2025-11-12,2025-11-17,renan.dipardi@orizonvr.com.br,
Enviar,Aterro Dois Arcos,concluida,media,,renan.dipardi@orizonvr.com.br,2025-11-12,,,2025-11-12,renan.dipardi@orizonvr.com.br,
Elaborar Q&A (alinhar com Laganá) e enviar para Rosenberg,Aterro Dois Arcos,concluida,media,vinicius.sansiviero@orizonvr.com.br,renan.dipardi@orizonvr.com.br,2025-11-12,,2025-11-26,2025-12-12,vinicius.sansiviero@orizonvr.com.br,
Fechar Preço com o Léo,Aterro Conchal,concluida,media,ricardo.sarfatti@orizonvr.com.br,renan.dipardi@orizonvr.com.br,2025-11-12,,2025-11-13,2025-11-17,renan.dipardi@orizonvr.com.br,Também atribuída a: Vinicius Silva Sansiviero
Cobrar Formulário CADE,Aterro Rondonópolis,concluida,media,renan.dipardi@orizonvr.com.br,renan.dipardi@orizonvr.com.br,2025-11-12,,2026-01-27,2026-02-10,renan.dipardi@orizonvr.com.br,
Verificar se escopo adicional esta alinhado com proposta do Madrona,Aterro Rondonópolis,concluida,media,vinicius.sansiviero@orizonvr.com.br,renan.dipardi@orizonvr.com.br,2025-11-12,,2026-03-16,2026-03-19,vinicius.sansiviero@orizonvr.com.br,
Atualizar a proposta para 190mm + 90 dias de exclusividade sem multa (45 dias iniciais + 45 dias pós DD mediante anuencia das partes),Aterro Rio das Pedras,concluida,media,ricardo.sarfatti@orizonvr.com.br,renan.dipardi@orizonvr.com.br,2025-11-12,,2025-11-12,2025-11-12,ricardo.sarfatti@orizonvr.com.br,
Elaborar NBO,Aterro Conchal,concluida,media,vinicius.sansiviero@orizonvr.com.br,renan.dipardi@orizonvr.com.br,2025-11-12,,2026-02-11,2026-02-13,vinicius.sansiviero@orizonvr.com.br,
Falar com Gozzi sobre itens 5 e 9,Aterro Rondonópolis,concluida,media,renan.dipardi@orizonvr.com.br,renan.dipardi@orizonvr.com.br,2025-11-17,,2025-11-17,2026-01-19,renan.dipardi@orizonvr.com.br,
Reunião de validação M&A,RCC - Aracajú,concluida,media,ricardo.sarfatti@orizonvr.com.br,renan.dipardi@orizonvr.com.br,2025-11-17,,2025-11-17,2025-12-16,vinicius.sansiviero@orizonvr.com.br,"Também atribuída a: Renan Di Pardi, Vinicius Silva Sansiviero"
Fechar Modelagem,AMBIENTIS,concluida,media,vinicius.sansiviero@orizonvr.com.br,renan.dipardi@orizonvr.com.br,2025-11-17,,2025-11-24,2026-03-02,francisco.targino@orizonvr.com.br,
Fechar Modelo,ECOSOLO,concluida,media,ricardo.sarfatti@orizonvr.com.br,renan.dipardi@orizonvr.com.br,2025-11-17,,2025-11-20,2026-03-02,francisco.targino@orizonvr.com.br,
Fechar Q&A,ECOSOLO,concluida,media,ricardo.sarfatti@orizonvr.com.br,renan.dipardi@orizonvr.com.br,2025-11-17,,2025-11-20,2026-03-02,francisco.targino@orizonvr.com.br,
Verificar MoU,RENOVA,concluida,media,renan.dipardi@orizonvr.com.br,renan.dipardi@orizonvr.com.br,2025-11-17,,2025-11-21,2026-03-02,francisco.targino@orizonvr.com.br,
Entender como será feito o modelo (em conjunto ?),RENOVA,concluida,media,renan.dipardi@orizonvr.com.br,renan.dipardi@orizonvr.com.br,2025-11-17,,2025-11-24,2026-03-02,francisco.targino@orizonvr.com.br,
Receber checklist do Lavanério,Aterro Macapá,concluida,media,vinicius.sansiviero@orizonvr.com.br,renan.dipardi@orizonvr.com.br,2025-11-17,,,2025-11-25,vinicius.sansiviero@orizonvr.com.br,
FUP Lavanério sobre proposta alinhada com poder concedente,Aterro Macapá,concluida,media,renan.dipardi@orizonvr.com.br,renan.dipardi@orizonvr.com.br,2025-11-17,,2025-11-19,2025-12-29,renan.dipardi@orizonvr.com.br,
Verificar possíveis CPs e Earn Out,Aterro Conchal,concluida,media,ricardo.sarfatti@orizonvr.com.br,renan.dipardi@orizonvr.com.br,2025-11-17,,2025-11-19,2025-12-12,vinicius.sansiviero@orizonvr.com.br,
Aguardando Lista de informação para cotação das DDs,MARQUISE,concluida,media,vinicius.sansiviero@orizonvr.com.br,vinicius.sansiviero@orizonvr.com.br,2025-11-25,,,2025-12-03,vinicius.sansiviero@orizonvr.com.br,
Alinhar DD Ambiental  com Fuzaro,Aterro Macapá,concluida,media,vinicius.sansiviero@orizonvr.com.br,vinicius.sansiviero@orizonvr.com.br,2025-11-25,,,2025-12-11,vinicius.sansiviero@orizonvr.com.br,
"Alinhar DD Jurídica e Ambiental, GOZZI E FUZARO",MARQUISE,concluida,media,vinicius.sansiviero@orizonvr.com.br,vinicius.sansiviero@orizonvr.com.br,2025-12-03,,,2026-01-26,renan.dipardi@orizonvr.com.br,
Alinhar Visita com Valdir,Aterro Macapá,concluida,media,,vinicius.sansiviero@orizonvr.com.br,2025-12-04,,,2025-12-12,vinicius.sansiviero@orizonvr.com.br,
"Cotação DD Financeira (KPMG, Delloite, GT, Mazars e UHY)",Aterro Rio das Pedras,concluida,media,vinicius.sansiviero@orizonvr.com.br,vinicius.sansiviero@orizonvr.com.br,2025-12-11,2025-12-29,2025-12-29,2026-01-19,renan.dipardi@orizonvr.com.br,GT: Gilberto Aparecido Ciafreis<gilberto.aparecido@br.gt.com>; Natalia Alvim <natalia.alvim@br.gt.com>; Raphael Vieira <raphael.vieira@br.gt.com> KPMG: José Carlos Simões <Jcsimoes@kpmg.com.br>; Alexandre Nascimento <AFNascimento@kpmg.com.br>; Verônica Herrera <veronicaherrera@kpmg.com.br> Mazars: Danilo Sanches Alonso <danilo.alonso@forvismazars.com>; Elen Freitas <elen.freitas@forvismazars.com> UHY: Confirmando com Fernando. Delloite: Erick Kanno <ekanno@deloitte.com>
Enviar lista de informações para cotação DD,Aterro Rio das Pedras,concluida,media,,vinicius.sansiviero@orizonvr.com.br,2025-12-11,,,2025-12-29,renan.dipardi@orizonvr.com.br,
Revisão Opção de Compra 1ª Semana de Janeiro,Terreno - Mossoró,concluida,media,vinicius.sansiviero@orizonvr.com.br,vinicius.sansiviero@orizonvr.com.br,2025-12-12,,2026-03-06,2026-03-26,vinicius.sansiviero@orizonvr.com.br,Pedir para Operacional (Time Ramon) o CAPEX atualizado da planta.
Alinhar com Valdir como foi a Visita Ambiental,Aterro Macapá,concluida,media,,vinicius.sansiviero@orizonvr.com.br,2025-12-12,,,2025-12-15,vinicius.sansiviero@orizonvr.com.br,
Ligar para Sergio para cobrar pendencias e verificar visita,Aterro Macapá,concluida,media,,vinicius.sansiviero@orizonvr.com.br,2025-12-12,,,2025-12-15,vinicius.sansiviero@orizonvr.com.br,
Montar NBO,Aterro Dois Arcos,concluida,media,renan.dipardi@orizonvr.com.br,vinicius.sansiviero@orizonvr.com.br,2025-12-12,,2026-01-12,2026-01-12,vinicius.sansiviero@orizonvr.com.br,Também atribuída a: Vinicius Silva Sansiviero
Discutir Estrutura da Operação com Léo,Aterro Conchal,concluida,media,felipe.ferla@orizonvr.com.br,vinicius.sansiviero@orizonvr.com.br,2025-12-12,,2026-02-02,2026-02-04,felipe.ferla@orizonvr.com.br,"Também atribuída a: Francisco Guilherme Ataide r Targino, Renan Di Pardi, Vinicius Silva Sansiviero"
Verificar se vamos fechar DD Operacional com Fabio Zorzi,Aterro Macapá,concluida,media,renan.dipardi@orizonvr.com.br,vinicius.sansiviero@orizonvr.com.br,2025-12-18,,2026-01-12,2026-01-12,vinicius.sansiviero@orizonvr.com.br,
Verificar com Gozi se Lavanerio realmente parou o aditivo,Aterro Macapá,concluida,media,renan.dipardi@orizonvr.com.br,vinicius.sansiviero@orizonvr.com.br,2025-12-18,,2025-12-29,2026-01-12,vinicius.sansiviero@orizonvr.com.br,
Validar NBO,Aterro Rio das Pedras,concluida,media,,renan.dipardi@orizonvr.com.br,2025-12-29,,2025-12-29,2026-01-12,vinicius.sansiviero@orizonvr.com.br,Também atribuída a: Leonardo Santos
Cotar DD ambiental,Aterro Rio das Pedras,concluida,media,vinicius.sansiviero@orizonvr.com.br,renan.dipardi@orizonvr.com.br,2025-12-29,,2026-01-26,2026-01-29,vinicius.sansiviero@orizonvr.com.br,
DD Jurídica - checar com Gozzi,Aterro Rio das Pedras,concluida,media,vinicius.sansiviero@orizonvr.com.br,renan.dipardi@orizonvr.com.br,2025-12-29,,2025-12-29,2026-01-12,vinicius.sansiviero@orizonvr.com.br,
Fechar Modelo Macapa,Aterro Macapá,concluida,media,vinicius.sansiviero@orizonvr.com.br,renan.dipardi@orizonvr.com.br,2025-12-29,,2026-01-05,2026-01-12,vinicius.sansiviero@orizonvr.com.br,Cenários: Seller - Vida Útil Aterro Seller - Vida Útil Aterro + Earn Out de aumento de prazo concessão Seller - Tempo de Contrato Vigente (8 anos) Seller - Tempo de Contrato Vigente (8 anos) + Earn Out de aumento de prazo de concessão ORVR - Vida Útil Aterro + Earn Out de aumento de prazo concessão ORVR - Vida Útil Aterro + Earn Out de aumento de prazo concessão + Receitas Adicionais ORVR - Tempo de Contrato Vigente (8 anos) ORVR - Tempo de Contrato Vigente (8 anos) + Receitas Adicionais ORVR - Tempo de Contrato Vigente (8 anos) + Earn Out de aumento de prazo de concessão ORVR - Tempo de Contrato Vigente (8 anos) + Earn Out de aumento de prazo de concessão + Receitas Adicionais
Fechar modelo com 4 cenários e análise de histórico/premissas,Aterro Dois Arcos,concluida,media,francisco.targino@orizonvr.com.br,renan.dipardi@orizonvr.com.br,2025-12-29,,2025-12-31,2026-01-08,vinicius.sansiviero@orizonvr.com.br,Também atribuída a: Vinicius Silva Sansiviero
Elaborar TS para compra STONE (R$150MM),VITAL,concluida,media,renan.dipardi@orizonvr.com.br,vinicius.sansiviero@orizonvr.com.br,2026-01-05,,,2026-01-12,vinicius.sansiviero@orizonvr.com.br,25% => a vista no fechamento 75% => + 3 semestrais (IPCA) Empresa tem 150mm de pl150mm + terreno (será feita cisão) | Também atribuída a: Vinicius Silva Sansiviero
Reavaliar Proposta,Aterro Dois Arcos,concluida,media,renan.dipardi@orizonvr.com.br,vinicius.sansiviero@orizonvr.com.br,2026-01-12,2026-01-14,2026-02-02,2026-02-09,vinicius.sansiviero@orizonvr.com.br,Também atribuída a: Leonardo Santos
Confirmar cotação Lacaz c/ Léo,Aterro Rio das Pedras,concluida,media,vinicius.sansiviero@orizonvr.com.br,vinicius.sansiviero@orizonvr.com.br,2026-01-12,,2026-01-22,2026-01-26,renan.dipardi@orizonvr.com.br,Aguardando envio da Leticia
Definir passivo ambiental - SPA Rondonópolis,Aterro Rondonópolis,concluida,urgente,renan.dipardi@orizonvr.com.br,renan.dipardi@orizonvr.com.br,2026-01-19,,2026-01-26,2026-02-10,renan.dipardi@orizonvr.com.br,Também atribuída a: Leonardo Santos
Revisar contrato (passar p/ Gozzi antes de voltar com Ricardo),Aterro Rondonópolis,concluida,media,renan.dipardi@orizonvr.com.br,renan.dipardi@orizonvr.com.br,2026-01-19,,2026-01-20,2026-01-26,renan.dipardi@orizonvr.com.br,Também atribuída a: Vinicius Silva Sansiviero
Ligar Alex para verificar questão DD financeira,Aterro Rondonópolis,concluida,media,vinicius.sansiviero@orizonvr.com.br,renan.dipardi@orizonvr.com.br,2026-01-19,,2026-03-02,2026-03-03,vinicius.sansiviero@orizonvr.com.br,"Contigencia de parte relacionadas de 6mm, Falar com Alex sobre se esses valores se ele consegue atualizar Sentir se tem algum ponto mais sensivel que ele acha que vale a pena verificarmos novamente."
Fechar Cenários,Aterro Macapá,concluida,media,felipe.ferla@orizonvr.com.br,renan.dipardi@orizonvr.com.br,2026-01-19,,2026-01-28,2026-01-27,felipe.ferla@orizonvr.com.br,
Fechar DD Jurídica com Gozzi,Aterro Macapá,concluida,media,,renan.dipardi@orizonvr.com.br,2026-01-19,,2026-01-20,2026-01-26,renan.dipardi@orizonvr.com.br,
Cobrar relatório Ecodue (Valdir),Aterro Macapá,concluida,media,vinicius.sansiviero@orizonvr.com.br,renan.dipardi@orizonvr.com.br,2026-01-19,,2026-02-24,2026-02-25,vinicius.sansiviero@orizonvr.com.br,
Cobrar Docs Ecodue Lavanério,Aterro Macapá,concluida,media,renan.dipardi@orizonvr.com.br,renan.dipardi@orizonvr.com.br,2026-01-19,,2026-01-26,2026-01-29,vinicius.sansiviero@orizonvr.com.br,Também atribuída a: Vinicius Silva Sansiviero
Verificar NDA - colocar na pasta,Aterro Macapá,concluida,media,francisco.targino@orizonvr.com.br,renan.dipardi@orizonvr.com.br,2026-01-19,,2026-01-26,2026-01-26,renan.dipardi@orizonvr.com.br,
Pedir para Gozzi revisar processo de Nulidade,Aterro Macapá,concluida,media,,renan.dipardi@orizonvr.com.br,2026-01-19,,,2026-01-26,renan.dipardi@orizonvr.com.br,
Verificar NDA - colocar na pasta,Aterro Conchal,concluida,media,francisco.targino@orizonvr.com.br,renan.dipardi@orizonvr.com.br,2026-01-19,,2026-01-21,2026-01-19,francisco.targino@orizonvr.com.br,
Sensibilidade EV x Tx de desconto,Aterro Conchal,concluida,media,vinicius.sansiviero@orizonvr.com.br,renan.dipardi@orizonvr.com.br,2026-01-19,,2026-01-20,2026-01-26,renan.dipardi@orizonvr.com.br,
"Checar contexto do dela (esta ativo, ORVR destina no aterro deles...) c/ Gustavo(s)",RCC - Aracajú,concluida,media,vinicius.sansiviero@orizonvr.com.br,renan.dipardi@orizonvr.com.br,2026-01-19,,2026-01-20,2026-01-26,renan.dipardi@orizonvr.com.br,
Revisar Modelo,Aterro Rio das Pedras,concluida,media,renan.dipardi@orizonvr.com.br,renan.dipardi@orizonvr.com.br,2026-01-19,,2026-02-02,2026-02-10,renan.dipardi@orizonvr.com.br,
Definir quais DDs vamos precisar e cotar,RCC - Aracajú,concluida,media,renan.dipardi@orizonvr.com.br,renan.dipardi@orizonvr.com.br,2026-01-19,,2026-01-20,2026-01-26,renan.dipardi@orizonvr.com.br,
Receber retorno da Mazars,Aterro Rio das Pedras,concluida,media,,renan.dipardi@orizonvr.com.br,2026-01-19,,,2026-01-26,renan.dipardi@orizonvr.com.br,
Receber retorno da KPMG,Aterro Rio das Pedras,concluida,media,,renan.dipardi@orizonvr.com.br,2026-01-19,,,2026-01-26,renan.dipardi@orizonvr.com.br,
Receber retorno da GT,Aterro Rio das Pedras,concluida,media,,renan.dipardi@orizonvr.com.br,2026-01-19,,,2026-01-26,renan.dipardi@orizonvr.com.br,
Cotar mais algum escritório de DD Jurídica,Aterro Rio das Pedras,concluida,media,,renan.dipardi@orizonvr.com.br,2026-01-19,,,2026-01-26,renan.dipardi@orizonvr.com.br,
Cotar DD Ambiental,Aterro Dois Arcos,concluida,media,vinicius.sansiviero@orizonvr.com.br,renan.dipardi@orizonvr.com.br,2026-01-19,,2026-01-26,2026-01-29,vinicius.sansiviero@orizonvr.com.br,
Cotar DD Jurídica,Aterro Dois Arcos,concluida,media,renan.dipardi@orizonvr.com.br,renan.dipardi@orizonvr.com.br,2026-01-19,,2026-01-26,2026-02-09,vinicius.sansiviero@orizonvr.com.br,
Receber retorno Mazars,Aterro Dois Arcos,concluida,media,,renan.dipardi@orizonvr.com.br,2026-01-19,,,2026-01-26,renan.dipardi@orizonvr.com.br,
Receber retorno GT,Aterro Dois Arcos,concluida,media,,renan.dipardi@orizonvr.com.br,2026-01-19,,,2026-01-26,renan.dipardi@orizonvr.com.br,
Receber retorno PwC,Aterro Dois Arcos,concluida,media,,renan.dipardi@orizonvr.com.br,2026-01-19,,,2026-01-26,renan.dipardi@orizonvr.com.br,
Cobrar retorno Crackovsky,Aterro Rio das Pedras,concluida,media,renan.dipardi@orizonvr.com.br,renan.dipardi@orizonvr.com.br,2026-01-19,,2026-02-20,2026-03-02,francisco.targino@orizonvr.com.br,
Iniciar PPT M&A,Aterro Rio das Pedras,concluida,media,,renan.dipardi@orizonvr.com.br,2026-01-19,,,2026-01-26,renan.dipardi@orizonvr.com.br,
Cobrar Henrique/Passar dados da proposta para Letícia,Aterro Dois Arcos,concluida,media,vinicius.sansiviero@orizonvr.com.br,renan.dipardi@orizonvr.com.br,2026-01-19,,,2026-01-26,renan.dipardi@orizonvr.com.br,
Iniciar PPT M&A,Aterro Dois Arcos,concluida,media,,renan.dipardi@orizonvr.com.br,2026-01-19,,,2026-01-26,renan.dipardi@orizonvr.com.br,
Verificar NDA - colocar na pasta,Aterro Dois Arcos,concluida,media,francisco.targino@orizonvr.com.br,renan.dipardi@orizonvr.com.br,2026-01-19,,2026-01-26,2026-01-26,francisco.targino@orizonvr.com.br,
Verificar NDA e NBO assinado - colocar na pasta,MARQUISE,concluida,media,francisco.targino@orizonvr.com.br,renan.dipardi@orizonvr.com.br,2026-01-19,,2026-01-26,2026-01-26,francisco.targino@orizonvr.com.br,
Iniciar PPT M&A,MARQUISE,concluida,media,,renan.dipardi@orizonvr.com.br,2026-01-19,,,2026-01-26,renan.dipardi@orizonvr.com.br,
Receber cotação KPMG,MARQUISE,concluida,media,,renan.dipardi@orizonvr.com.br,2026-01-19,,,2026-01-26,renan.dipardi@orizonvr.com.br,
Receber cotação PWC,MARQUISE,concluida,media,,renan.dipardi@orizonvr.com.br,2026-01-19,,,2026-01-26,renan.dipardi@orizonvr.com.br,
Receber cotação GT,MARQUISE,concluida,media,,renan.dipardi@orizonvr.com.br,2026-01-19,,,2026-01-26,renan.dipardi@orizonvr.com.br,
Preparar cenário para a reunião dia 22/01 com Thiago,Aterro Conchal,concluida,media,,renan.dipardi@orizonvr.com.br,2026-01-19,,,2026-01-26,renan.dipardi@orizonvr.com.br,
Checar preço do contrato em discussão,RCC - Aracajú,concluida,media,vinicius.sansiviero@orizonvr.com.br,renan.dipardi@orizonvr.com.br,2026-01-19,,2026-01-27,2026-01-29,vinicius.sansiviero@orizonvr.com.br,
Validar modelo e proposta RCC Aracajú,RCC - Aracajú,concluida,media,,renan.dipardi@orizonvr.com.br,2026-01-19,,2026-01-27,2026-02-10,renan.dipardi@orizonvr.com.br,Também atribuída a: Leonardo Santos
Receber retorno UHY,Aterro Dois Arcos,concluida,media,,vinicius.sansiviero@orizonvr.com.br,2026-01-19,,,2026-01-26,renan.dipardi@orizonvr.com.br,
Receber retorno UHY,Aterro Rio das Pedras,concluida,media,,vinicius.sansiviero@orizonvr.com.br,2026-01-19,,,2026-01-26,renan.dipardi@orizonvr.com.br,
Sentar com o Ferla para incluir sensibilidades no modelo (biometano),Aterro Rio das Pedras,concluida,media,felipe.ferla@orizonvr.com.br,vinicius.sansiviero@orizonvr.com.br,2026-01-19,,2026-01-26,2026-01-29,felipe.ferla@orizonvr.com.br,
Pedir para Francisco colocar histórico no RDP,Aterro Rio das Pedras,concluida,media,vinicius.sansiviero@orizonvr.com.br,vinicius.sansiviero@orizonvr.com.br,2026-01-19,,2026-01-20,2026-01-26,renan.dipardi@orizonvr.com.br,
Francisco: Montar material Comitê M&A,Aterro Conchal,concluida,media,francisco.targino@orizonvr.com.br,vinicius.sansiviero@orizonvr.com.br,2026-01-20,,2026-01-20,2026-01-21,francisco.targino@orizonvr.com.br,"Utilizar como padrão ppt, comite M&A rios das pedras"
Francisco: Montar material Comitê M&A,Aterro Rio das Pedras,concluida,media,francisco.targino@orizonvr.com.br,vinicius.sansiviero@orizonvr.com.br,2026-01-20,,2026-01-21,2026-01-24,francisco.targino@orizonvr.com.br,
Francisco: Elaborar material Comitê M&A,Aterro Dois Arcos,concluida,media,francisco.targino@orizonvr.com.br,vinicius.sansiviero@orizonvr.com.br,2026-01-20,,2026-01-21,2026-01-24,francisco.targino@orizonvr.com.br,
Francisco: Montar material Comitê M&A,RCC - Aracajú,concluida,media,francisco.targino@orizonvr.com.br,vinicius.sansiviero@orizonvr.com.br,2026-01-20,,2026-01-21,2026-01-24,francisco.targino@orizonvr.com.br,
Francisco: Terminar de Ajustar PPT Comitê,RCC - Aracajú,concluida,media,francisco.targino@orizonvr.com.br,vinicius.sansiviero@orizonvr.com.br,2026-01-22,,2026-01-22,2026-01-24,francisco.targino@orizonvr.com.br,
Ferla: Terminar Ajustes PPT Comitê,Aterro Dois Arcos,concluida,media,felipe.ferla@orizonvr.com.br,vinicius.sansiviero@orizonvr.com.br,2026-01-22,,2026-01-22,2026-01-22,felipe.ferla@orizonvr.com.br,
Francisco: Ajustar PPT Comitê RVW,Aterro Macapá,concluida,media,francisco.targino@orizonvr.com.br,vinicius.sansiviero@orizonvr.com.br,2026-01-22,,2026-01-22,2026-01-24,francisco.targino@orizonvr.com.br,
Ferla: Atualizar PPT comitê com o mais recente,Aterro Rondonópolis,concluida,media,felipe.ferla@orizonvr.com.br,vinicius.sansiviero@orizonvr.com.br,2026-01-22,,2026-01-22,2026-01-23,felipe.ferla@orizonvr.com.br,
Ferla: Ajustar números PPT com ultima versão modelo,Aterro Rio das Pedras,concluida,media,felipe.ferla@orizonvr.com.br,vinicius.sansiviero@orizonvr.com.br,2026-01-22,,2026-01-22,2026-01-23,felipe.ferla@orizonvr.com.br,
Finalizar PPT Comitê M&A,MARQUISE,concluida,media,francisco.targino@orizonvr.com.br,francisco.targino@orizonvr.com.br,2026-01-24,,2026-01-26,2026-01-27,francisco.targino@orizonvr.com.br,
Confirmar horario reunião,Aterro Conchal,concluida,media,felipe.ferla@orizonvr.com.br,renan.dipardi@orizonvr.com.br,2026-01-26,,2026-01-27,2026-01-26,renan.dipardi@orizonvr.com.br,
Receber os números do Thiago,Aterro Conchal,concluida,media,felipe.ferla@orizonvr.com.br,renan.dipardi@orizonvr.com.br,2026-01-26,,2026-01-30,2026-02-04,felipe.ferla@orizonvr.com.br,
Marcar agenda,RCC - Aracajú,concluida,media,vinicius.sansiviero@orizonvr.com.br,renan.dipardi@orizonvr.com.br,2026-01-26,,2026-01-26,2026-01-29,vinicius.sansiviero@orizonvr.com.br,
Sinalizar Operacional do avanço do Deal,Aterro Rio das Pedras,concluida,media,vinicius.sansiviero@orizonvr.com.br,renan.dipardi@orizonvr.com.br,2026-01-26,,2026-02-10,2026-02-10,vinicius.sansiviero@orizonvr.com.br,
Atualizar PPT,Aterro Rio das Pedras,concluida,media,francisco.targino@orizonvr.com.br,renan.dipardi@orizonvr.com.br,2026-01-26,,2026-01-26,2026-01-27,francisco.targino@orizonvr.com.br,
Analisar modelo enviado pelo consultor,Maceió,concluida,media,francisco.targino@orizonvr.com.br,renan.dipardi@orizonvr.com.br,2026-01-26,,2026-02-03,2026-02-03,francisco.targino@orizonvr.com.br,falar com o renan para receber o material e entender o deal com rodrigão ppp
Entender o Deal,Maceió,concluida,media,vinicius.sansiviero@orizonvr.com.br,renan.dipardi@orizonvr.com.br,2026-01-26,,2026-01-27,2026-01-29,vinicius.sansiviero@orizonvr.com.br,
Comparação de escopo - DD Financeira,Aterro Rio das Pedras,concluida,media,francisco.targino@orizonvr.com.br,renan.dipardi@orizonvr.com.br,2026-01-26,,2026-01-28,2026-01-29,francisco.targino@orizonvr.com.br,
Comparação de escopo - DD Financeira,Aterro Dois Arcos,concluida,media,francisco.targino@orizonvr.com.br,renan.dipardi@orizonvr.com.br,2026-01-26,,2026-01-30,2026-01-29,francisco.targino@orizonvr.com.br,
Checar envio de modelo editado c/ Léo,Aterro Conchal,concluida,media,vinicius.sansiviero@orizonvr.com.br,renan.dipardi@orizonvr.com.br,2026-01-26,,2026-01-26,2026-01-29,renan.dipardi@orizonvr.com.br,
(ON HOLD)  Atualizar DD aré DEZ/25,Aterro Rondonópolis,concluida,media,vinicius.sansiviero@orizonvr.com.br,renan.dipardi@orizonvr.com.br,2026-01-27,,2026-03-02,2026-03-02,vinicius.sansiviero@orizonvr.com.br,
Ajustar Cenário 3 no PPT Comitê,Aterro Macapá,concluida,media,francisco.targino@orizonvr.com.br,vinicius.sansiviero@orizonvr.com.br,2026-01-27,,,2026-01-28,francisco.targino@orizonvr.com.br,
Análise Fairness,VITAL,concluida,media,francisco.targino@orizonvr.com.br,francisco.targino@orizonvr.com.br,2026-01-28,,2026-01-30,2026-01-29,francisco.targino@orizonvr.com.br,
Marcar Agenda com Sócio em Acaraju,RCC - Aracajú,concluida,media,vinicius.sansiviero@orizonvr.com.br,vinicius.sansiviero@orizonvr.com.br,2026-01-29,,2026-01-30,2026-02-09,vinicius.sansiviero@orizonvr.com.br,
(ON HOLD)  Ligar para Valdir verificar questão DD ambiental,Aterro Rondonópolis,concluida,media,vinicius.sansiviero@orizonvr.com.br,vinicius.sansiviero@orizonvr.com.br,2026-01-29,,2026-03-02,2026-03-02,vinicius.sansiviero@orizonvr.com.br,
Verificar Infos DD Ambiental e disparar Valdir,Aterro Macapá,concluida,media,vinicius.sansiviero@orizonvr.com.br,vinicius.sansiviero@orizonvr.com.br,2026-01-29,,2026-02-09,2026-02-09,vinicius.sansiviero@orizonvr.com.br,
Concluir análise da Modelagem Financeira,Maceió,concluida,media,francisco.targino@orizonvr.com.br,vinicius.sansiviero@orizonvr.com.br,2026-01-29,,2026-02-03,2026-02-03,francisco.targino@orizonvr.com.br,
olhar quem tem contrato de saneamento na região,Aterro Dois Arcos,concluida,media,francisco.targino@orizonvr.com.br,francisco.targino@orizonvr.com.br,2026-02-02,,2026-02-03,2026-02-03,francisco.targino@orizonvr.com.br,
Análise Concorrentes de RCC Aracaju (Johny),RCC - Aracajú,concluida,media,francisco.targino@orizonvr.com.br,vinicius.sansiviero@orizonvr.com.br,2026-02-02,,2026-02-03,2026-02-10,renan.dipardi@orizonvr.com.br,
Análise Comercial Concorrentes e Potencial Mercado (Johny),Aterro Dois Arcos,concluida,media,francisco.targino@orizonvr.com.br,vinicius.sansiviero@orizonvr.com.br,2026-02-02,,2026-02-20,2026-02-24,francisco.targino@orizonvr.com.br,
Elencar valor das contigencias para as garantias,Aterro Rondonópolis,concluida,media,francisco.targino@orizonvr.com.br,francisco.targino@orizonvr.com.br,2026-02-05,,2026-02-23,2026-02-24,francisco.targino@orizonvr.com.br,"jurídica - verificar com letícia e 23/02 atualiza (hoje em torno de 2 a 3 milhões Ambiental - checar no relátorio, mas confirmar com Fuzaro a opinião dele Financeira - checar no relatório"
Enviar SPA com o que foi alterado,Aterro Rondonópolis,concluida,media,renan.dipardi@orizonvr.com.br,vinicius.sansiviero@orizonvr.com.br,2026-02-09,,,2026-03-30,vinicius.sansiviero@orizonvr.com.br,
Cobrar Ricardo do envio do Formulário CADE,Aterro Rondonópolis,concluida,media,renan.dipardi@orizonvr.com.br,vinicius.sansiviero@orizonvr.com.br,2026-02-09,,2026-04-15,2026-06-03,francisco.targino@orizonvr.com.br,
Receber AA com observações do Gustavo (adv. Ricardo),Aterro Rondonópolis,concluida,media,renan.dipardi@orizonvr.com.br,vinicius.sansiviero@orizonvr.com.br,2026-02-09,,,2026-03-24,vinicius.sansiviero@orizonvr.com.br,
Definir estrutura e mecânica do Earnout,Aterro Conchal,concluida,media,felipe.ferla@orizonvr.com.br,vinicius.sansiviero@orizonvr.com.br,2026-02-09,,2026-02-11,2026-02-13,felipe.ferla@orizonvr.com.br,Também atribuída a: Vinicius Silva Sansiviero
Cobrar Léo sobre retorno REDIR,RCC - Aracajú,concluida,media,vinicius.sansiviero@orizonvr.com.br,vinicius.sansiviero@orizonvr.com.br,2026-02-09,,2026-02-10,2026-02-10,vinicius.sansiviero@orizonvr.com.br,
Fazer estudo de m² da Região,RCC - Aracajú,concluida,media,francisco.targino@orizonvr.com.br,vinicius.sansiviero@orizonvr.com.br,2026-02-09,,2026-02-10,2026-02-10,francisco.targino@orizonvr.com.br,
Aquecer com Sidnei/Rafa e entender melhor o que seria os ajustes de CAPEX,RCC - Aracajú,concluida,media,vinicius.sansiviero@orizonvr.com.br,vinicius.sansiviero@orizonvr.com.br,2026-02-09,,2026-02-11,2026-02-13,vinicius.sansiviero@orizonvr.com.br,
Elaborar NDA,RAMAC,concluida,media,vinicius.sansiviero@orizonvr.com.br,renan.dipardi@orizonvr.com.br,2026-02-09,,2026-02-10,2026-02-10,renan.dipardi@orizonvr.com.br,
Checar com Moacir se Conseguimos pegar Acelor,Aterro Rio das Pedras,concluida,media,renan.dipardi@orizonvr.com.br,vinicius.sansiviero@orizonvr.com.br,2026-02-09,,2026-02-12,2026-02-10,vinicius.sansiviero@orizonvr.com.br,Também atribuída a: Vinicius Silva Sansiviero
Checar Ton Acelor para sensibilizar modelo e valuation,Aterro Rio das Pedras,concluida,media,felipe.ferla@orizonvr.com.br,vinicius.sansiviero@orizonvr.com.br,2026-02-09,,2026-02-11,2026-02-13,vinicius.sansiviero@orizonvr.com.br,Mandar e-mail copiando todos COmercial e Operacional questionando quanto tem acelor | Também atribuída a: Vinicius Silva Sansiviero
FUP Henrique,Aterro Dois Arcos,concluida,media,renan.dipardi@orizonvr.com.br,vinicius.sansiviero@orizonvr.com.br,2026-02-09,,2026-02-09,2026-02-10,renan.dipardi@orizonvr.com.br,
Revisar modelo com Tinelli,Maceió,concluida,media,felipe.ferla@orizonvr.com.br,renan.dipardi@orizonvr.com.br,2026-02-09,,2026-02-11,2026-02-11,francisco.targino@orizonvr.com.br,"Também atribuída a: Francisco Guilherme Ataide r Targino, Vinicius Silva Sansiviero"
FUP Sami (NDA),CETRIC,concluida,media,ricardo.sarfatti@orizonvr.com.br,renan.dipardi@orizonvr.com.br,2026-02-09,,2026-02-12,2026-02-10,renan.dipardi@orizonvr.com.br,
Entender Sinergias ORVR <> CETRIC,CETRIC,concluida,media,felipe.ferla@orizonvr.com.br,renan.dipardi@orizonvr.com.br,2026-02-09,,2026-02-19,2026-02-19,felipe.ferla@orizonvr.com.br,
Elaborar o Valuation dos 4 ativos,VITAL,concluida,media,ricardo.sarfatti@orizonvr.com.br,renan.dipardi@orizonvr.com.br,2026-02-09,,,2026-03-02,francisco.targino@orizonvr.com.br,
Fechar Análise Comercial,Aterro Dois Arcos,concluida,media,francisco.targino@orizonvr.com.br,vinicius.sansiviero@orizonvr.com.br,2026-02-09,,2026-03-03,2026-02-26,francisco.targino@orizonvr.com.br,Também atribuída a: Vinicius Silva Sansiviero
Disparar NDA para assinaturas,RAMAC,concluida,media,francisco.targino@orizonvr.com.br,vinicius.sansiviero@orizonvr.com.br,2026-02-09,,2026-02-09,2026-02-10,renan.dipardi@orizonvr.com.br,
Receber NDA e subir para assinatura,RAMAC,concluida,media,francisco.targino@orizonvr.com.br,renan.dipardi@orizonvr.com.br,2026-02-10,,,2026-02-20,francisco.targino@orizonvr.com.br,
Finalizar modelo com premissas validadas,Aterro Macapá,concluida,media,felipe.ferla@orizonvr.com.br,renan.dipardi@orizonvr.com.br,2026-02-10,,2026-02-27,2026-02-27,felipe.ferla@orizonvr.com.br,"Questionar custos, premissas gerais e etc"
Alinhar reunião entre Lucas Bento e Walter Agra,Aterro Macapá,concluida,media,renan.dipardi@orizonvr.com.br,renan.dipardi@orizonvr.com.br,2026-02-10,,2026-02-10,2026-02-10,renan.dipardi@orizonvr.com.br,
Fechar valor Base,Aterro Conchal,concluida,media,renan.dipardi@orizonvr.com.br,renan.dipardi@orizonvr.com.br,2026-02-10,,2026-02-11,2026-02-13,vinicius.sansiviero@orizonvr.com.br,
Alinhar agenda de Conchal na Orizon para Quinta 12/02 com Bruna (agenda Léo),Aterro Conchal,concluida,media,francisco.targino@orizonvr.com.br,renan.dipardi@orizonvr.com.br,2026-02-10,,2026-02-10,2026-02-10,francisco.targino@orizonvr.com.br,
Validar NDA com Jurídico,CETRIC,concluida,media,renan.dipardi@orizonvr.com.br,renan.dipardi@orizonvr.com.br,2026-02-10,,2026-02-10,2026-02-13,vinicius.sansiviero@orizonvr.com.br,
Revisar novo modelo,Maceió,concluida,media,francisco.targino@orizonvr.com.br,francisco.targino@orizonvr.com.br,2026-02-11,,2026-02-11,2026-02-11,francisco.targino@orizonvr.com.br,
PPT Maceió,Maceió,concluida,media,francisco.targino@orizonvr.com.br,francisco.targino@orizonvr.com.br,2026-02-11,,,2026-02-12,francisco.targino@orizonvr.com.br,Montar em 3 slides resumo da parte financeira do que é o contrato Resumo do plano de negócios
Finalizar NBO,Aterro Conchal,concluida,media,vinicius.sansiviero@orizonvr.com.br,vinicius.sansiviero@orizonvr.com.br,2026-02-13,,2026-02-13,2026-02-19,vinicius.sansiviero@orizonvr.com.br,
Cobra retorno do NDA,RAMAC,concluida,media,francisco.targino@orizonvr.com.br,vinicius.sansiviero@orizonvr.com.br,2026-02-13,,2026-02-19,2026-02-19,francisco.targino@orizonvr.com.br,
Cotar DD Financeira,Aterro Conchal,concluida,media,francisco.targino@orizonvr.com.br,renan.dipardi@orizonvr.com.br,2026-02-13,,2026-02-20,2026-02-24,francisco.targino@orizonvr.com.br,Também atribuída a: Vinicius Silva Sansiviero
Cotar DD Jurídica -  Alinhar com Letícia,Aterro Conchal,concluida,media,francisco.targino@orizonvr.com.br,renan.dipardi@orizonvr.com.br,2026-02-13,,2026-02-24,2026-02-25,francisco.targino@orizonvr.com.br,Como informações prévias precisamos: Número de Matrículas Numero de CNPJs Número de Contratos Número de Processos | Também atribuída a: Vinicius Silva Sansiviero
Cotar DD ambiental - Alinhar com Fuzaro,Aterro Conchal,concluida,media,francisco.targino@orizonvr.com.br,renan.dipardi@orizonvr.com.br,2026-02-13,,2026-02-20,2026-02-24,francisco.targino@orizonvr.com.br,Também atribuída a: Vinicius Silva Sansiviero
Verificar com Jorge (Engenharia) se faz sentido add no pipe,Holymiles,concluida,media,vinicius.sansiviero@orizonvr.com.br,felipe.ferla@orizonvr.com.br,2026-02-24,,2026-03-05,2026-04-01,renan.dipardi@orizonvr.com.br,Leo enviou um email dizendo que eles bateram na nossa porta. Ainda não está claro qual o deal aqui se é M&A ou parceria
Reunião com a Marilia para entender linhas do modelo,RENOVA,concluida,media,felipe.ferla@orizonvr.com.br,felipe.ferla@orizonvr.com.br,2026-02-24,,2026-02-25,2026-02-25,felipe.ferla@orizonvr.com.br,
Montar Q&A Inicial,RAMAC,concluida,media,felipe.ferla@orizonvr.com.br,vinicius.sansiviero@orizonvr.com.br,2026-02-25,,2026-02-27,2026-03-02,felipe.ferla@orizonvr.com.br,
Montar Q&A Inicial,CETRIC,concluida,media,felipe.ferla@orizonvr.com.br,vinicius.sansiviero@orizonvr.com.br,2026-02-25,,2026-02-27,2026-03-02,felipe.ferla@orizonvr.com.br,
Montar PPT resumo da Timeline,Aterro Macapá,concluida,media,francisco.targino@orizonvr.com.br,vinicius.sansiviero@orizonvr.com.br,2026-02-26,,2026-03-02,2026-03-03,francisco.targino@orizonvr.com.br,
Validar se já entramos em contato com ele,Teixeira Lemos,concluida,media,francisco.targino@orizonvr.com.br,francisco.targino@orizonvr.com.br,2026-02-28,,2026-03-02,2026-03-02,francisco.targino@orizonvr.com.br,
Acompanhar Homologação do Aditivo,Aterro Macapá,nao_iniciada,baixa,felipe.ferla@orizonvr.com.br,felipe.ferla@orizonvr.com.br,2026-03-02,2026-03-11,2026-11-02,,,"Está em stand by e será retomado após as eleições de 2026, previsto para primeira semana de dezembro. Em paralelo, está sendo elaborado minuta para extensão de prazo da operação, pelo LS e PG. | Também atribuída a: Vinicius Silva Sansiviero"
Elaborar NBO para enviar Leo,RCC - Aracajú,concluida,media,vinicius.sansiviero@orizonvr.com.br,vinicius.sansiviero@orizonvr.com.br,2026-03-02,,2026-03-02,2026-03-03,vinicius.sansiviero@orizonvr.com.br,
Montar cenário Earnout e Nova Proposta,Aterro Conchal,concluida,alta,felipe.ferla@orizonvr.com.br,vinicius.sansiviero@orizonvr.com.br,2026-03-02,,2026-03-03,2026-03-04,vinicius.sansiviero@orizonvr.com.br,Pagar 550ton/dia (araras) pagar X firme a vista Resto variavel com base 700 126 Resto earnout 1000 até 170 | Também atribuída a: Vinicius Silva Sansiviero
Falar com Diogo Arantes sobre o Diretor da Ecometano (parceiro/irmao),Aterro Dois Arcos,concluida,media,renan.dipardi@orizonvr.com.br,vinicius.sansiviero@orizonvr.com.br,2026-03-02,,2026-03-17,2026-03-30,vinicius.sansiviero@orizonvr.com.br,
Alinhar com Engenharia quem vai para visita dia 25.03,Aterro Dois Arcos,concluida,media,renan.dipardi@orizonvr.com.br,vinicius.sansiviero@orizonvr.com.br,2026-03-02,,2026-03-17,2026-03-30,vinicius.sansiviero@orizonvr.com.br,
Revisar proposta,Aterro Dois Arcos,concluida,media,renan.dipardi@orizonvr.com.br,vinicius.sansiviero@orizonvr.com.br,2026-03-02,,2026-04-13,2026-04-23,renan.dipardi@orizonvr.com.br,
Verificar Modelo Dois Arcos e o que poderíamos fazer de Earnout,Aterro Dois Arcos,concluida,media,ricardo.sarfatti@orizonvr.com.br,vinicius.sansiviero@orizonvr.com.br,2026-03-02,,2026-03-06,2026-04-01,renan.dipardi@orizonvr.com.br,Também atribuída a: Vinicius Silva Sansiviero
Entender viabilidade de Crédito de Carbono,Aterro Dois Arcos,concluida,media,felipe.ferla@orizonvr.com.br,vinicius.sansiviero@orizonvr.com.br,2026-03-02,,2026-03-11,2026-03-11,felipe.ferla@orizonvr.com.br,
Cobrar envio de informações OPEX do Assessor - ON HOLD,Aterro Macapá,em_andamento,media,felipe.ferla@orizonvr.com.br,vinicius.sansiviero@orizonvr.com.br,2026-03-02,,,,,
Agendar nova validação com Zorzi - ON HOLD,Aterro Macapá,nao_iniciada,baixa,felipe.ferla@orizonvr.com.br,vinicius.sansiviero@orizonvr.com.br,2026-03-02,,,,,
Fechar modelo - ON HOLD,Aterro Macapá,nao_iniciada,media,felipe.ferla@orizonvr.com.br,vinicius.sansiviero@orizonvr.com.br,2026-03-02,,,,,Também atribuída a: Vinicius Silva Sansiviero
Revisar Earnout,Aterro Conchal,concluida,media,renan.dipardi@orizonvr.com.br,vinicius.sansiviero@orizonvr.com.br,2026-03-02,,2026-03-03,2026-03-16,renan.dipardi@orizonvr.com.br,
"Agendar Reuniao com Gustavo, Moacir e Tiago para falar sobre os contratos -> quinta feira a tarde",Aterro Conchal,concluida,media,renan.dipardi@orizonvr.com.br,vinicius.sansiviero@orizonvr.com.br,2026-03-02,,2026-03-03,2026-03-16,renan.dipardi@orizonvr.com.br,
Confirmar com Comercial quanto Araras e Mogi adiciona de tonelagem,Aterro Conchal,concluida,media,francisco.targino@orizonvr.com.br,vinicius.sansiviero@orizonvr.com.br,2026-03-02,,2026-03-02,2026-03-02,francisco.targino@orizonvr.com.br,
Alinhar com Ramon e Hamilton,RCC - Aracajú,concluida,media,vinicius.sansiviero@orizonvr.com.br,vinicius.sansiviero@orizonvr.com.br,2026-03-02,,2026-03-02,2026-03-03,vinicius.sansiviero@orizonvr.com.br,
Revisar o modelo de Rondonópolis -> M4 para M5,Aterro Rondonópolis,concluida,media,ricardo.sarfatti@orizonvr.com.br,francisco.targino@orizonvr.com.br,2026-03-02,,2026-05-04,2026-06-03,francisco.targino@orizonvr.com.br,
Revisar modelo RCC,RCC - Aracajú,concluida,media,ricardo.sarfatti@orizonvr.com.br,francisco.targino@orizonvr.com.br,2026-03-02,,2026-03-06,2026-03-09,vinicius.sansiviero@orizonvr.com.br,
Incluir no Q&A as informações da DD,RAMAC,concluida,media,francisco.targino@orizonvr.com.br,francisco.targino@orizonvr.com.br,2026-03-02,,2026-03-05,2026-03-03,francisco.targino@orizonvr.com.br,
Marcar reunião com o Alexandre essa semana,RAMAC,concluida,media,renan.dipardi@orizonvr.com.br,francisco.targino@orizonvr.com.br,2026-03-02,,2026-03-03,2026-03-03,renan.dipardi@orizonvr.com.br,Entender o deal e o que o cara está pensando Todos os dias -> ex quarta
Cobrar assinatura de NDA,CETRIC,concluida,media,renan.dipardi@orizonvr.com.br,francisco.targino@orizonvr.com.br,2026-03-02,,2026-03-03,2026-03-09,vinicius.sansiviero@orizonvr.com.br,
Receber Q&A de Operação para enviarmos para Cetric,CETRIC,concluida,media,ricardo.sarfatti@orizonvr.com.br,francisco.targino@orizonvr.com.br,2026-03-02,,2026-03-04,2026-03-05,ricardo.sarfatti@orizonvr.com.br,
Acompanhar finalização da minuta jurídica,Maceió,concluida,media,vinicius.sansiviero@orizonvr.com.br,francisco.targino@orizonvr.com.br,2026-03-02,,2026-03-03,2026-03-03,vinicius.sansiviero@orizonvr.com.br,
Receber NDA,RENOVA,concluida,media,francisco.targino@orizonvr.com.br,francisco.targino@orizonvr.com.br,2026-03-02,,2026-03-06,2026-03-09,francisco.targino@orizonvr.com.br,
Verificar questão do conflito de interesse do escritório deles,RENOVA,concluida,media,renan.dipardi@orizonvr.com.br,francisco.targino@orizonvr.com.br,2026-03-02,,2026-03-06,2026-03-02,renan.dipardi@orizonvr.com.br,Verificar com o jurídico -> Gozzi Irmão dele prestar
Ligar pro Teixeira Lemos se venderia por metade do preço o aterro São Borja,Teixeira Lemos,concluida,media,vinicius.sansiviero@orizonvr.com.br,francisco.targino@orizonvr.com.br,2026-03-02,,2026-03-02,2026-03-03,vinicius.sansiviero@orizonvr.com.br,
Email para validar o valor do terreno Cajamar -> Validação do valor/tese,Teixeira Lemos,concluida,media,felipe.ferla@orizonvr.com.br,francisco.targino@orizonvr.com.br,2026-03-02,,2026-03-03,2026-03-02,francisco.targino@orizonvr.com.br,"Linguagem email -> Fizemos reunião com o cara, olhamos isso e temos essa oportunidade. Caso queiram prosseguir, ficamos a disposição colocar apenas o terreno do ppt feito e tirar o valor que o seller inputou para venda | Também atribuída a: Francisco Guilherme Ataide r Targino"
Validação final modelo padrão,Minoritários,concluida,media,ricardo.sarfatti@orizonvr.com.br,francisco.targino@orizonvr.com.br,2026-03-02,,2026-03-02,2026-03-17,vinicius.sansiviero@orizonvr.com.br,
Suporte Ferla com o modelo,Minoritários,concluida,media,francisco.targino@orizonvr.com.br,francisco.targino@orizonvr.com.br,2026-03-02,,2026-03-02,2026-03-02,francisco.targino@orizonvr.com.br,
Minoritários - Primeira versao M1,Minoritários,concluida,media,felipe.ferla@orizonvr.com.br,francisco.targino@orizonvr.com.br,2026-03-02,2026-03-09,2026-03-25,2026-03-25,felipe.ferla@orizonvr.com.br,
Alinhar com Anderson quando que Araras gera de resíduo,Aterro Conchal,concluida,urgente,felipe.ferla@orizonvr.com.br,felipe.ferla@orizonvr.com.br,2026-03-03,,2026-03-03,2026-03-03,felipe.ferla@orizonvr.com.br,
Falar com Hudson Sobre Balancete e Infos Faturamento,Aterro Rondonópolis,concluida,media,vinicius.sansiviero@orizonvr.com.br,vinicius.sansiviero@orizonvr.com.br,2026-03-03,,2026-03-03,2026-03-03,vinicius.sansiviero@orizonvr.com.br,
Cobra Hudson das Informações p/ Atualização DD,Aterro Rondonópolis,concluida,media,vinicius.sansiviero@orizonvr.com.br,vinicius.sansiviero@orizonvr.com.br,2026-03-03,,2026-03-06,2026-03-09,vinicius.sansiviero@orizonvr.com.br,
Marcar reunião com Teixera e Responsável,Teixeira Lemos,concluida,media,vinicius.sansiviero@orizonvr.com.br,renan.dipardi@orizonvr.com.br,2026-03-03,,2026-03-04,2026-03-24,vinicius.sansiviero@orizonvr.com.br,
Marcar avaliação no ativo - Cajamar,Teixeira Lemos,concluida,media,vinicius.sansiviero@orizonvr.com.br,renan.dipardi@orizonvr.com.br,2026-03-03,,2026-03-04,2026-03-24,vinicius.sansiviero@orizonvr.com.br,
Complementar Q&A RAMAC c/ perguntas de DD,RAMAC,concluida,media,felipe.ferla@orizonvr.com.br,felipe.ferla@orizonvr.com.br,2026-03-03,2026-03-03,2026-03-03,2026-03-03,felipe.ferla@orizonvr.com.br,Ver email do Renan com os detalhes
RAMAC - Marcar agenda com Alexandre Falcao,RAMAC,concluida,media,felipe.ferla@orizonvr.com.br,felipe.ferla@orizonvr.com.br,2026-03-03,2026-03-03,2026-03-03,2026-03-03,felipe.ferla@orizonvr.com.br,"Renan - ""Marquem com ele uma primeira conversa, sem relação com o Q&A, para que ele explique o business, o que fazem e qual a expectativa deles em relação ao M&A (venda parcial, total, JV...) Não precisa abrir o assunto, só fala que queremos ter uma conversa inicial para alinhar os próximos passos. Logo após a reunião, soltamos o Q&A."""
Ligar Tiago para Alinhar agenda Gustavao e Moacir,Aterro Conchal,concluida,media,vinicius.sansiviero@orizonvr.com.br,vinicius.sansiviero@orizonvr.com.br,2026-03-03,,2026-03-04,2026-03-04,vinicius.sansiviero@orizonvr.com.br,
Kickoff na quinta,RAMAC,concluida,media,vinicius.sansiviero@orizonvr.com.br,vinicius.sansiviero@orizonvr.com.br,2026-03-03,,2026-03-05,2026-03-05,vinicius.sansiviero@orizonvr.com.br,
Soltar Q&A para contraparte,CETRIC,concluida,media,ricardo.sarfatti@orizonvr.com.br,vinicius.sansiviero@orizonvr.com.br,2026-03-03,,2026-03-04,2026-03-05,ricardo.sarfatti@orizonvr.com.br,
Agenda quinta para passar cenário com Tiago,Aterro Conchal,concluida,media,felipe.ferla@orizonvr.com.br,vinicius.sansiviero@orizonvr.com.br,2026-03-04,,2026-03-05,2026-03-05,felipe.ferla@orizonvr.com.br,Também atribuída a: Vinicius Silva Sansiviero
Montar One Page Proposta PPT,Aterro Conchal,concluida,media,felipe.ferla@orizonvr.com.br,vinicius.sansiviero@orizonvr.com.br,2026-03-04,,2026-03-04,2026-03-05,felipe.ferla@orizonvr.com.br,
Ajustar Impostos 2 arcos,Aterro Dois Arcos,concluida,media,felipe.ferla@orizonvr.com.br,felipe.ferla@orizonvr.com.br,2026-03-04,,2026-03-05,2026-03-05,felipe.ferla@orizonvr.com.br,
ON HOLD POR ENQUANTO,Aterro Macapá,concluida,media,felipe.ferla@orizonvr.com.br,vinicius.sansiviero@orizonvr.com.br,2026-03-04,,,2026-03-16,renan.dipardi@orizonvr.com.br,"Também atribuída a: Renan Di Pardi, Vinicius Silva Sansiviero"
Cobrar envio das informações,RAMAC,concluida,media,felipe.ferla@orizonvr.com.br,vinicius.sansiviero@orizonvr.com.br,2026-03-05,,2026-03-09,2026-03-09,felipe.ferla@orizonvr.com.br,
Agendar reuniao presencial Orizon 12/03,RAMAC,concluida,media,renan.dipardi@orizonvr.com.br,vinicius.sansiviero@orizonvr.com.br,2026-03-05,,2026-03-06,2026-03-09,vinicius.sansiviero@orizonvr.com.br,Também atribuída a: Vinicius Silva Sansiviero
Elaborar M0,RAMAC,concluida,media,francisco.targino@orizonvr.com.br,vinicius.sansiviero@orizonvr.com.br,2026-03-05,,2026-03-23,2026-03-24,francisco.targino@orizonvr.com.br,
Cobrar envio das informações,CETRIC,concluida,media,ricardo.sarfatti@orizonvr.com.br,vinicius.sansiviero@orizonvr.com.br,2026-03-05,,2026-03-09,2026-03-17,vinicius.sansiviero@orizonvr.com.br,
Aguardar Leo falar com Hamilton,RCC - Aracajú,concluida,media,renan.dipardi@orizonvr.com.br,vinicius.sansiviero@orizonvr.com.br,2026-03-05,,2026-03-05,2026-03-09,vinicius.sansiviero@orizonvr.com.br,Também atribuída a: Vinicius Silva Sansiviero
Aguardando Informações Financeiras,RAMAC,concluida,media,,vinicius.sansiviero@orizonvr.com.br,2026-03-09,,,2026-03-17,vinicius.sansiviero@orizonvr.com.br,
Agendar reunião Sócios,RAMAC,concluida,media,felipe.ferla@orizonvr.com.br,vinicius.sansiviero@orizonvr.com.br,2026-03-09,,2026-03-16,2026-03-16,felipe.ferla@orizonvr.com.br,Também atribuída a: Vinicius Silva Sansiviero
Receber infos de vida útil dos aterros,Minoritários,concluida,media,felipe.ferla@orizonvr.com.br,felipe.ferla@orizonvr.com.br,2026-03-10,2026-03-10,2026-03-11,2026-03-11,felipe.ferla@orizonvr.com.br,Fabio Zorzi ficou de me enviar Porto Velho e Cerrado 11/03. Confirmando com Ramon e Diogo quando conseguem me enviar as infos dos aterros que eles cobrem
Remarcar horario agenda quinta,RAMAC,concluida,media,vinicius.sansiviero@orizonvr.com.br,vinicius.sansiviero@orizonvr.com.br,2026-03-11,,2026-03-11,2026-03-16,vinicius.sansiviero@orizonvr.com.br,
Enviar estrutura dos anexos para Ricardo,Aterro Rondonópolis,concluida,media,,renan.dipardi@orizonvr.com.br,2026-03-16,,,2026-03-19,vinicius.sansiviero@orizonvr.com.br,
Receber info do novo escopo  da Mazars (Hudson),Aterro Rondonópolis,concluida,media,,renan.dipardi@orizonvr.com.br,2026-03-16,,,2026-03-19,vinicius.sansiviero@orizonvr.com.br,
Assinar contrato escopo adicional (Mazars),Aterro Rondonópolis,concluida,media,,renan.dipardi@orizonvr.com.br,2026-03-16,,,2026-03-24,vinicius.sansiviero@orizonvr.com.br,
Analisar resposta do Madrona ao email do Francisco para entender se devemos adicionar alguma clausula no SPA,Aterro Rondonópolis,concluida,media,,renan.dipardi@orizonvr.com.br,2026-03-16,,,2026-03-30,vinicius.sansiviero@orizonvr.com.br,
Verificar com Hamilton se seguiremos com NBO ou entendimento é que faremos internamente,RCC - Aracajú,concluida,media,,renan.dipardi@orizonvr.com.br,2026-03-16,,,2026-03-17,vinicius.sansiviero@orizonvr.com.br,
Revisar modelo para entender possíveis Upsides e até aonde poderemos seguir com proposta,Aterro Dois Arcos,concluida,media,renan.dipardi@orizonvr.com.br,renan.dipardi@orizonvr.com.br,2026-03-16,,2026-04-01,2026-04-07,renan.dipardi@orizonvr.com.br,
Definir qual a tese da Orizon em relação a CETRIC,CETRIC,concluida,media,,renan.dipardi@orizonvr.com.br,2026-03-16,,,2026-04-01,renan.dipardi@orizonvr.com.br,
Enviar Q&A para Ricardo,Marca Ambiental,concluida,media,,renan.dipardi@orizonvr.com.br,2026-03-16,,,2026-04-01,renan.dipardi@orizonvr.com.br,
Enviar relatórios de DD para Ricardo,Marca Ambiental,concluida,media,,renan.dipardi@orizonvr.com.br,2026-03-16,,,2026-04-01,renan.dipardi@orizonvr.com.br,
Analisar infomemo e modelo,ESTRE,concluida,media,,renan.dipardi@orizonvr.com.br,2026-03-16,,,2026-03-30,vinicius.sansiviero@orizonvr.com.br,
Verificar com Léo se assinaremos um NDA,ESTRE,concluida,media,,renan.dipardi@orizonvr.com.br,2026-03-16,,,2026-03-30,vinicius.sansiviero@orizonvr.com.br,
Fechar m1,Minoritários,concluida,media,felipe.ferla@orizonvr.com.br,renan.dipardi@orizonvr.com.br,2026-03-16,,2026-04-01,2026-04-06,felipe.ferla@orizonvr.com.br,
Montar Q&A Inicial M0,ESTRE,concluida,media,felipe.ferla@orizonvr.com.br,renan.dipardi@orizonvr.com.br,2026-03-16,,2026-04-01,2026-04-06,felipe.ferla@orizonvr.com.br,
Marcar reunião interna com Comercial para entender cenários da modelagem,Aterro Conchal,concluida,media,,renan.dipardi@orizonvr.com.br,2026-03-16,,,2026-03-17,vinicius.sansiviero@orizonvr.com.br,
Falar com Léo sobre possibilidade de uma segunda opção para Earn Out,Aterro Conchal,concluida,media,,renan.dipardi@orizonvr.com.br,2026-03-16,,,2026-04-06,vinicius.sansiviero@orizonvr.com.br,
Fechar NBO,Aterro Conchal,concluida,media,,renan.dipardi@orizonvr.com.br,2026-03-16,,,2026-04-06,vinicius.sansiviero@orizonvr.com.br,
Adicionar os novos volumes no modelo,Aterro Conchal,concluida,alta,felipe.ferla@orizonvr.com.br,francisco.targino@orizonvr.com.br,2026-03-16,,2026-03-16,2026-03-16,felipe.ferla@orizonvr.com.br,
Alinhar Agenda com Moacir para discutir estratégia comercial de Conchal,Aterro Conchal,concluida,media,vinicius.sansiviero@orizonvr.com.br,vinicius.sansiviero@orizonvr.com.br,2026-03-16,,2026-03-16,2026-03-17,vinicius.sansiviero@orizonvr.com.br,
FUP Jesse - Pedir Balanço dos Ativos,Minoritários,concluida,alta,felipe.ferla@orizonvr.com.br,felipe.ferla@orizonvr.com.br,2026-03-16,,2026-03-17,2026-03-16,felipe.ferla@orizonvr.com.br,
Sensibilidade do EV pago com base no ano de aumento de preço,Aterro Conchal,concluida,urgente,felipe.ferla@orizonvr.com.br,felipe.ferla@orizonvr.com.br,2026-03-16,,2026-03-17,2026-03-18,felipe.ferla@orizonvr.com.br,
Agenda 19.03 com Moacir para bater pontos comerciais,Aterro Conchal,concluida,media,felipe.ferla@orizonvr.com.br,vinicius.sansiviero@orizonvr.com.br,2026-03-17,,,2026-03-24,vinicius.sansiviero@orizonvr.com.br,Também atribuída a: Vinicius Silva Sansiviero
Cobrar infos Ramon RCC Transbordo,RCC - Aracajú,concluida,media,vinicius.sansiviero@orizonvr.com.br,vinicius.sansiviero@orizonvr.com.br,2026-03-17,,2026-03-18,2026-03-19,vinicius.sansiviero@orizonvr.com.br,
Finalizar Análise RCC Aracaju Transbordo x Aquisição,RCC - Aracajú,concluida,media,vinicius.sansiviero@orizonvr.com.br,vinicius.sansiviero@orizonvr.com.br,2026-03-17,,,2026-04-06,vinicius.sansiviero@orizonvr.com.br,
Visita agendada,CETRIC,concluida,media,,vinicius.sansiviero@orizonvr.com.br,2026-03-17,,,2026-04-01,renan.dipardi@orizonvr.com.br,
Montar Q&A,CETRIC,concluida,media,francisco.targino@orizonvr.com.br,vinicius.sansiviero@orizonvr.com.br,2026-03-17,,2026-03-20,2026-03-17,francisco.targino@orizonvr.com.br,
Acordo de acionistas -> Finalizar anexo 4.5.3,Aterro Rondonópolis,concluida,media,francisco.targino@orizonvr.com.br,francisco.targino@orizonvr.com.br,2026-03-18,,2026-03-19,2026-03-19,francisco.targino@orizonvr.com.br,Utilizar URE Barueri e BioE SG como Exemplo para PN
Acordo de acionistas -> Finalizar anexo 10.2,Aterro Rondonópolis,concluida,media,vinicius.sansiviero@orizonvr.com.br,francisco.targino@orizonvr.com.br,2026-03-18,,2026-03-19,2026-03-30,francisco.targino@orizonvr.com.br,Alinhar com Toninho
Elaborar M0 + perguntas,CETRIC,concluida,media,francisco.targino@orizonvr.com.br,francisco.targino@orizonvr.com.br,2026-03-19,,2026-03-26,2026-03-24,francisco.targino@orizonvr.com.br,
ON HOLD,RCC - Aracajú,concluida,media,,vinicius.sansiviero@orizonvr.com.br,2026-03-19,,,2026-04-01,renan.dipardi@orizonvr.com.br,
"2 Arcos - Mandar quebras para Engenharia, Laganá e Hamilton",Aterro Dois Arcos,concluida,alta,felipe.ferla@orizonvr.com.br,felipe.ferla@orizonvr.com.br,2026-03-23,,2026-03-23,2026-03-23,felipe.ferla@orizonvr.com.br,
2 Arcos - Adicionar Novos municípios e credito de carbono no modelo (chaves),Aterro Dois Arcos,concluida,media,felipe.ferla@orizonvr.com.br,felipe.ferla@orizonvr.com.br,2026-03-23,,2026-03-24,2026-03-24,felipe.ferla@orizonvr.com.br,
Tentando agenda com dono terreno Cajamar - SP,Teixeira Lemos,concluida,media,vinicius.sansiviero@orizonvr.com.br,vinicius.sansiviero@orizonvr.com.br,2026-03-24,,,2026-04-06,felipe.ferla@orizonvr.com.br,
Reuniao quinta feira com advogado para falar sobre Sao Borja,Teixeira Lemos,concluida,media,vinicius.sansiviero@orizonvr.com.br,vinicius.sansiviero@orizonvr.com.br,2026-03-24,,2026-03-26,2026-03-26,vinicius.sansiviero@orizonvr.com.br,
Finalizar Análise Comercial com Tiago,Aterro Conchal,concluida,media,vinicius.sansiviero@orizonvr.com.br,vinicius.sansiviero@orizonvr.com.br,2026-03-24,,2026-03-24,2026-03-30,vinicius.sansiviero@orizonvr.com.br,
Bater Análise Comercial com Gustavao,Aterro Dois Arcos,concluida,media,vinicius.sansiviero@orizonvr.com.br,vinicius.sansiviero@orizonvr.com.br,2026-03-24,,2026-03-24,2026-03-30,vinicius.sansiviero@orizonvr.com.br,
Passar para Roberto (Engenharia) mais informações,Aterro Dois Arcos,concluida,urgente,felipe.ferla@orizonvr.com.br,vinicius.sansiviero@orizonvr.com.br,2026-03-24,,2026-03-24,2026-03-24,felipe.ferla@orizonvr.com.br,Capacidade total da planta de Biometano Curva histórica e projetada de geração de biogás Curva histórica e projetada de geração de biometano | Também atribuída a: Vinicius Silva Sansiviero
Ajustar racional produção de biogás,Aterro Conchal,concluida,media,felipe.ferla@orizonvr.com.br,vinicius.sansiviero@orizonvr.com.br,2026-03-24,,2026-03-26,2026-03-30,vinicius.sansiviero@orizonvr.com.br,
Adicionar no ppt o custo de transporte por tonelada para levar para 2 arcos vs Sao Gonçalo,Aterro Dois Arcos,concluida,media,felipe.ferla@orizonvr.com.br,felipe.ferla@orizonvr.com.br,2026-03-25,,2026-03-25,2026-03-25,felipe.ferla@orizonvr.com.br,
Ver com anderson a situação dos contratos da uniao norte,Aterro Dois Arcos,concluida,alta,felipe.ferla@orizonvr.com.br,felipe.ferla@orizonvr.com.br,2026-03-25,,2026-03-25,2026-03-25,felipe.ferla@orizonvr.com.br,
Agenda com Hamilton,Aterro Dois Arcos,concluida,media,felipe.ferla@orizonvr.com.br,felipe.ferla@orizonvr.com.br,2026-03-25,,2026-03-26,2026-03-30,felipe.ferla@orizonvr.com.br,Também atribuída a: Vinicius Silva Sansiviero
Marcar com Lagana e Lessa para falar sobre viabilidade financeira da Uniao Norte tomar os contratos,Aterro Dois Arcos,concluida,alta,felipe.ferla@orizonvr.com.br,felipe.ferla@orizonvr.com.br,2026-03-25,,2026-03-25,2026-03-26,felipe.ferla@orizonvr.com.br,
Devolver AA comentado,Aterro Rondonópolis,concluida,media,francisco.targino@orizonvr.com.br,vinicius.sansiviero@orizonvr.com.br,2026-03-30,,2026-03-30,2026-04-13,francisco.targino@orizonvr.com.br,"Também atribuída a: Renan Di Pardi, Vinicius Silva Sansiviero"
Fechar DD Financeira: Cobrar Alex da Atualização DD Financeira,Aterro Rondonópolis,concluida,media,vinicius.sansiviero@orizonvr.com.br,vinicius.sansiviero@orizonvr.com.br,2026-03-30,,2026-03-30,2026-04-01,vinicius.sansiviero@orizonvr.com.br,
Fechar Certidões: Verificar com o Lucas (Madrona) o que precisamos solicitar de Certidao,Aterro Rondonópolis,concluida,media,vinicius.sansiviero@orizonvr.com.br,vinicius.sansiviero@orizonvr.com.br,2026-03-30,,2026-03-30,2026-04-01,vinicius.sansiviero@orizonvr.com.br,
Cobrar resposta Email DD jurídica,Aterro Rondonópolis,concluida,media,renan.dipardi@orizonvr.com.br,francisco.targino@orizonvr.com.br,2026-03-30,,2026-04-15,2026-06-03,francisco.targino@orizonvr.com.br,Também atribuída a: Vinicius Silva Sansiviero
Anexos AA -> Validar PN e Construir CSC,Aterro Rondonópolis,concluida,media,francisco.targino@orizonvr.com.br,francisco.targino@orizonvr.com.br,2026-03-30,,2026-03-30,2026-04-06,vinicius.sansiviero@orizonvr.com.br,Construir anexos junto com o Seller | Também atribuída a: Vinicius Silva Sansiviero
Cobrar Anexos SPA,Aterro Rondonópolis,concluida,media,renan.dipardi@orizonvr.com.br,francisco.targino@orizonvr.com.br,2026-03-30,,2026-04-15,2026-06-03,francisco.targino@orizonvr.com.br,Demanda do lado do Seller
Fechar Racional Proposta,Aterro Conchal,concluida,media,renan.dipardi@orizonvr.com.br,vinicius.sansiviero@orizonvr.com.br,2026-03-30,,2026-03-30,2026-04-01,renan.dipardi@orizonvr.com.br,
Cobrar Formulário CADE assinado,Aterro Rondonópolis,concluida,media,francisco.targino@orizonvr.com.br,francisco.targino@orizonvr.com.br,2026-03-30,,2026-03-30,2026-03-30,francisco.targino@orizonvr.com.br,Também atribuída a: Vinicius Silva Sansiviero
Entender capacidade planta GNR,Aterro Dois Arcos,concluida,media,vinicius.sansiviero@orizonvr.com.br,francisco.targino@orizonvr.com.br,2026-03-30,,2026-04-03,2026-04-01,renan.dipardi@orizonvr.com.br,
Análise OPEX + SG&A,Aterro Dois Arcos,concluida,media,vinicius.sansiviero@orizonvr.com.br,francisco.targino@orizonvr.com.br,2026-03-30,,2026-04-03,2026-04-01,renan.dipardi@orizonvr.com.br,"Análise com Laganá, Hamilton, Roberto"
Análise expansão banco de lixo,Aterro Dois Arcos,concluida,media,vinicius.sansiviero@orizonvr.com.br,francisco.targino@orizonvr.com.br,2026-03-30,,2026-04-03,2026-04-06,vinicius.sansiviero@orizonvr.com.br,"Rio das Ostras -> Acordo atual que o grupo Osafi não pode tombar, ORVR entrando toma Saquarema, porém eles tem aterro próprio (jogaremos no Earnout)"
Análise dividendos,Aterro Dois Arcos,concluida,media,vinicius.sansiviero@orizonvr.com.br,francisco.targino@orizonvr.com.br,2026-03-30,,2026-04-03,2026-04-06,vinicius.sansiviero@orizonvr.com.br,
Análise preço biogás,Aterro Dois Arcos,concluida,media,vinicius.sansiviero@orizonvr.com.br,francisco.targino@orizonvr.com.br,2026-03-30,,2026-04-03,2026-04-06,vinicius.sansiviero@orizonvr.com.br,
Análise crédito de carbono,Aterro Dois Arcos,concluida,media,vinicius.sansiviero@orizonvr.com.br,francisco.targino@orizonvr.com.br,2026-03-30,,2026-04-03,2026-04-06,vinicius.sansiviero@orizonvr.com.br,"Status do projeto Está em andamento a certificação de 53 mil tCO₂e, referente a créditos vintage MDL/MDC do período de 2016 a 2020. Para o período a partir de 2021, a intenção é validar o projeto dentro de padrões como Gold Standard ou Verra. O projeto teria prazo total de 15 anos, com captura estimada até 2036. Premissas econômicas Premissa preliminar adotada: US$ 1,00 por crédito. Custo estimado de certificação / estruturação: US$ 0,50 por tCO₂e. Pontos para modelagem Precisamos entender a produção histórica de biogás de 2021 até hoje para estimar: o volume de crédito efetivamente capturável; o potencial de monetização até 2036. Importante considerar que, segundo informado, a receita de crédito de carbono pertence à GNR, e não ao aterro. Eles precificam o valor do crédito a $5, nós precificamos a 0,5$"
Elaborar M0,Marca Ambiental,concluida,media,francisco.targino@orizonvr.com.br,francisco.targino@orizonvr.com.br,2026-03-30,,2026-04-03,2026-04-01,francisco.targino@orizonvr.com.br,Modelar balanço consolidado Até lucro bruto por ativo Analisar DD Financeira já concluida
Finalizar Projeção de custo e despesa por ativos,ESTRE,concluida,alta,felipe.ferla@orizonvr.com.br,felipe.ferla@orizonvr.com.br,2026-03-30,,2026-04-01,2026-04-01,felipe.ferla@orizonvr.com.br,
Receber valor dos terrenos de Paulínia - Diogo,Aterro Conchal,concluida,media,felipe.ferla@orizonvr.com.br,felipe.ferla@orizonvr.com.br,2026-03-30,,2026-04-06,2026-04-06,felipe.ferla@orizonvr.com.br,Também atribuída a: Vinicius Silva Sansiviero
fechar m0 Estre,ESTRE,concluida,media,felipe.ferla@orizonvr.com.br,renan.dipardi@orizonvr.com.br,2026-04-01,,2026-04-02,2026-04-01,renan.dipardi@orizonvr.com.br,
fechar m1 ESTRE,ESTRE,concluida,media,felipe.ferla@orizonvr.com.br,renan.dipardi@orizonvr.com.br,2026-04-01,,2026-04-17,2026-04-13,francisco.targino@orizonvr.com.br,
fechar m0 marca,Marca Ambiental,concluida,media,francisco.targino@orizonvr.com.br,renan.dipardi@orizonvr.com.br,2026-04-01,2026-04-01,2026-04-01,2026-04-01,renan.dipardi@orizonvr.com.br,
ler DD e ja entendere quais forma os problemas apontados na DD. Depois marcar uma reunião para que voce apresente ao time os findings daa DDs,Marca Ambiental,concluida,media,francisco.targino@orizonvr.com.br,renan.dipardi@orizonvr.com.br,2026-04-01,2026-04-02,2026-04-02,2026-04-02,francisco.targino@orizonvr.com.br,
Fechar DD Conchal,Aterro Conchal,concluida,media,renan.dipardi@orizonvr.com.br,renan.dipardi@orizonvr.com.br,2026-04-01,,2026-04-06,2026-04-17,francisco.targino@orizonvr.com.br,
Cobrar Ricardo do SPA,Aterro Rondonópolis,concluida,media,renan.dipardi@orizonvr.com.br,renan.dipardi@orizonvr.com.br,2026-04-01,,2026-04-15,2026-06-03,francisco.targino@orizonvr.com.br,
Revisar minoritários,Minoritários,concluida,media,vinicius.sansiviero@orizonvr.com.br,renan.dipardi@orizonvr.com.br,2026-04-01,,2026-04-07,2026-04-09,vinicius.sansiviero@orizonvr.com.br,
Assinar NDA de Cascavel,CETRIC,concluida,media,renan.dipardi@orizonvr.com.br,renan.dipardi@orizonvr.com.br,2026-04-01,,2026-04-15,2026-06-05,francisco.targino@orizonvr.com.br,
Definir se devemos retornar com a DD jurídica em Mossoró,Terreno - Mossoró,concluida,media,felipe.ferla@orizonvr.com.br,renan.dipardi@orizonvr.com.br,2026-04-01,,2026-04-01,2026-04-01,felipe.ferla@orizonvr.com.br,
Definir se devemos ou nçao voltar pro deal,Aterro Macapá,concluida,media,,renan.dipardi@orizonvr.com.br,2026-04-01,,2026-04-01,2026-04-06,felipe.ferla@orizonvr.com.br,Também atribuída a: Leonardo Santos
Retormar contato com o Crackovsky,Aterro Rio das Pedras,concluida,media,renan.dipardi@orizonvr.com.br,renan.dipardi@orizonvr.com.br,2026-04-01,,2026-04-06,2026-04-13,francisco.targino@orizonvr.com.br,Também atribuída a: Vinicius Silva Sansiviero
Definir e responder como queremos seguir como Fernando da Renovv,RENOVA,concluida,media,,renan.dipardi@orizonvr.com.br,2026-04-01,,2026-04-01,2026-04-06,felipe.ferla@orizonvr.com.br,Também atribuída a: Leonardo Santos
receber Q&A do Ricardo,Marca Ambiental,concluida,media,,renan.dipardi@orizonvr.com.br,2026-04-01,,,2026-04-01,renan.dipardi@orizonvr.com.br,
Pendente CADE - Receber Q&A do Ricardo Farias,Marca Ambiental,concluida,media,felipe.ferla@orizonvr.com.br,renan.dipardi@orizonvr.com.br,2026-04-01,,2026-04-13,2026-04-13,felipe.ferla@orizonvr.com.br,Também atribuída a: Vinicius Silva Sansiviero
Receber custo com transbordo do Diogo Arantes,Aterro Conchal,concluida,media,felipe.ferla@orizonvr.com.br,felipe.ferla@orizonvr.com.br,2026-04-01,,2026-04-08,2026-04-13,felipe.ferla@orizonvr.com.br,
Ajustar modelo com base nas infos da GNR do Roberto,Aterro Dois Arcos,concluida,alta,felipe.ferla@orizonvr.com.br,felipe.ferla@orizonvr.com.br,2026-04-01,,2026-04-01,2026-04-01,felipe.ferla@orizonvr.com.br,
Racional de projeção de cada premissa,ESTRE,concluida,media,felipe.ferla@orizonvr.com.br,felipe.ferla@orizonvr.com.br,2026-04-01,,2026-04-06,2026-04-13,francisco.targino@orizonvr.com.br,
Mecânica de crédito tributário sobre prejuizo acumulado,Minoritários,concluida,alta,felipe.ferla@orizonvr.com.br,felipe.ferla@orizonvr.com.br,2026-04-02,,2026-04-02,2026-04-02,felipe.ferla@orizonvr.com.br,
Mecanica para determinar pagamento de dividendos (lei),Minoritários,concluida,alta,felipe.ferla@orizonvr.com.br,felipe.ferla@orizonvr.com.br,2026-04-02,,2026-04-02,2026-04-03,felipe.ferla@orizonvr.com.br,
Compare Propostas,Aterro Conchal,concluida,media,felipe.ferla@orizonvr.com.br,felipe.ferla@orizonvr.com.br,2026-04-06,,2026-04-06,2026-04-06,felipe.ferla@orizonvr.com.br,
Estruturar Propsta de R$205M,Aterro Dois Arcos,concluida,media,vinicius.sansiviero@orizonvr.com.br,felipe.ferla@orizonvr.com.br,2026-04-06,,2026-04-06,2026-04-07,vinicius.sansiviero@orizonvr.com.br,
M0,CETRIC,concluida,media,francisco.targino@orizonvr.com.br,felipe.ferla@orizonvr.com.br,2026-04-06,,2026-04-17,2026-04-13,francisco.targino@orizonvr.com.br,
Fazer matriz de alçadas do AA de Rondonópolis (ligar Renan ou falar com Letícia para maiores informações),Aterro Rondonópolis,concluida,urgente,felipe.ferla@orizonvr.com.br,renan.dipardi@orizonvr.com.br,2026-04-07,2026-04-07,,2026-04-13,renan.dipardi@orizonvr.com.br,
Analisar informações recebidas - Estre,ESTRE,concluida,urgente,felipe.ferla@orizonvr.com.br,felipe.ferla@orizonvr.com.br,2026-04-07,,2026-04-08,2026-04-13,felipe.ferla@orizonvr.com.br,
Marcar com o Jesse para entender o aproveitamento do crédito tributário de prejuizo acumulado na operação da Estre,ESTRE,concluida,alta,felipe.ferla@orizonvr.com.br,felipe.ferla@orizonvr.com.br,2026-04-07,,2026-04-08,2026-04-13,francisco.targino@orizonvr.com.br,
Emitir BKG,Aterro Conchal,concluida,media,francisco.targino@orizonvr.com.br,francisco.targino@orizonvr.com.br,2026-04-09,,2026-04-15,2026-04-16,francisco.targino@orizonvr.com.br,
BKG,Aterro Rondonópolis,concluida,media,francisco.targino@orizonvr.com.br,francisco.targino@orizonvr.com.br,2026-04-09,,2026-04-15,2026-04-17,francisco.targino@orizonvr.com.br,Alinhar com o compliance tudo que precisa para emitir o BKG
Cobrar AA,Aterro Rondonópolis,concluida,media,renan.dipardi@orizonvr.com.br,francisco.targino@orizonvr.com.br,2026-04-13,,2026-04-15,2026-06-03,francisco.targino@orizonvr.com.br,
Alugar Cowork -> 2 salas,Aterro Rondonópolis,concluida,media,francisco.targino@orizonvr.com.br,francisco.targino@orizonvr.com.br,2026-04-13,,2026-04-17,2026-04-22,francisco.targino@orizonvr.com.br,"Cowork 3 ruas para trás Engenharia faz isso // João Santos já alugou Sala 1: 6 pessoas Sala2: 6 Pessoas 6,7 e 8 maio | Também atribuída a: Renan Di Pardi"
Solicitar ao vendedor as certidões pendentes,Aterro Rondonópolis,concluida,media,renan.dipardi@orizonvr.com.br,francisco.targino@orizonvr.com.br,2026-04-13,,2026-05-19,2026-06-03,francisco.targino@orizonvr.com.br,"já mandou email com as certidões pendentes -> Mandar p Thaís e perguntar quais certidões quer atualizar // dependendo, faremos em casa sem o Ricardo"
Fechar DD com a GT,Aterro Conchal,concluida,media,renan.dipardi@orizonvr.com.br,francisco.targino@orizonvr.com.br,2026-04-13,,2026-04-13,2026-04-17,francisco.targino@orizonvr.com.br,
Fechar DD ambiental com Fuzaro -> Ecodue,Aterro Conchal,concluida,media,francisco.targino@orizonvr.com.br,francisco.targino@orizonvr.com.br,2026-04-13,,2026-04-13,2026-04-13,francisco.targino@orizonvr.com.br,Fechar e marcar a visita | Também atribuída a: Renan Di Pardi
Cobrar Thaís -> qual DD jurídica fecharemos,Aterro Conchal,concluida,media,francisco.targino@orizonvr.com.br,francisco.targino@orizonvr.com.br,2026-04-13,,2026-04-13,2026-04-13,francisco.targino@orizonvr.com.br,Também atribuída a: Renan Di Pardi
Definir grupos de trabalho por área e soltar os NDAs internos,Aterro Conchal,concluida,media,felipe.ferla@orizonvr.com.br,francisco.targino@orizonvr.com.br,2026-04-13,,2026-04-14,2026-04-13,felipe.ferla@orizonvr.com.br,Comercial (Moacir)-> Gustavão Operacional (Hamilton) -> Diogo e Caio Ambiental (Fuzaro) -> Luciana Jurídico (Gozzi) -> Aurea Thais
Reunião de Kick Off do projeto,Aterro Conchal,concluida,media,felipe.ferla@orizonvr.com.br,francisco.targino@orizonvr.com.br,2026-04-13,,2026-04-15,2026-04-17,felipe.ferla@orizonvr.com.br,"Participantes Interno + assessores + Thiago Ideia é alinhar todos que estão participando do deal Pessoas para contato O que precisamos no Kick Off: Fazer um WGL (nome, número, telefone e cargo) ex-diretores -> Interno + Externo Todas as listas"
Reuniões ao decorrer das DDs,Aterro Conchal,concluida,media,felipe.ferla@orizonvr.com.br,francisco.targino@orizonvr.com.br,2026-04-14,,,2026-04-17,francisco.targino@orizonvr.com.br,"Assessores e participantes: Ecodue -> Operacional + Ambiental + Time M&A GT -> Time M&A Jurídico (indefinido) -> Jurídico + Time M&A 6 Reuniões semanais (30 min) -> Para cada área: Uma com o time interno + Assessores Uma com o time interno + Assessores + Thiago 3 dias -> 1 hora por dia // pelas próximas 6 semanas 30 minutos interno 30 minutos com o Thiago | Também atribuída a: Francisco Guilherme Ataide r Targino, Renan Di Pardi, Vinicius Silva Sansiviero"
Reuniões ao decorrer das DDs,Aterro Conchal,concluida,media,felipe.ferla@orizonvr.com.br,francisco.targino@orizonvr.com.br,2026-04-13,,2026-04-13,2026-04-14,francisco.targino@orizonvr.com.br,"Assessores e participantes: Ecodue -> Operacional + Ambiental + Time M&A GT -> Time M&A Jurídico (indefinido) -> Jurídico + Time M&A 6 Reuniões semanais (30 min) -> Para cada área: Uma com o time interno + Assessores Uma com o time interno + Assessores + Thiago 3 dias -> 1 hora por dia // pelas próximas 6 semanas 30 minutos interno 30 minutos com o Thiago | Também atribuída a: Francisco Guilherme Ataide r Targino, Renan Di Pardi, Vinicius Silva Sansiviero"
Agendar Reuniões DD,Aterro Conchal,concluida,media,felipe.ferla@orizonvr.com.br,francisco.targino@orizonvr.com.br,2026-04-13,,2026-04-17,2026-04-22,felipe.ferla@orizonvr.com.br,Assessores e participantes: Ecodue -> Operacional + Ambiental + Time M&A GT -> Time M&A Jurídico (indefinido) -> Jurídico + Time M&A 6 Reuniões semanais (30 min) -> Para cada área: Uma com o time interno + Assessores Uma com o time interno + Assessores + Thiago | Também atribuída a: Francisco Guilherme Ataide r Targino
Abrir VDR -> Ideals,Aterro Conchal,concluida,media,francisco.targino@orizonvr.com.br,francisco.targino@orizonvr.com.br,2026-04-13,,2026-04-13,2026-04-13,francisco.targino@orizonvr.com.br,Montar Ideals Estrutura de pasta Cada assessor com acesso apenas a sua pasta Apenas os assessores poderão subir lista de documentação necessária e dar check no que foi enviado Áreas que terão acesso (área x quem terá acesso) Ambiental -> Ecodue + Seller + Fuzaro Financeiro -> GT Jurídico -> Thielman Copiar (tempo + GB) de Rondonópolis No máximo 50 mil
Alinhar contratos com o suprimentos,Aterro Conchal,concluida,media,francisco.targino@orizonvr.com.br,francisco.targino@orizonvr.com.br,2026-04-13,,2026-04-13,2026-04-13,francisco.targino@orizonvr.com.br,
Enviar Q&A,Marca Ambiental,concluida,media,felipe.ferla@orizonvr.com.br,francisco.targino@orizonvr.com.br,2026-04-13,,2026-04-23,2026-04-23,felipe.ferla@orizonvr.com.br,
Fechar modelo Seller,Marca Ambiental,concluida,media,felipe.ferla@orizonvr.com.br,francisco.targino@orizonvr.com.br,2026-04-13,,2026-04-23,2026-04-28,renan.dipardi@orizonvr.com.br,
Conversa com Laganá e Hamilton para grupo de trabalho - Estre,ESTRE,concluida,media,felipe.ferla@orizonvr.com.br,francisco.targino@orizonvr.com.br,2026-04-13,,2026-04-30,2026-05-21,felipe.ferla@orizonvr.com.br,Fechar o Seller Fechar o buyer -> Alinhando com Laganá (mandar um OBZ) -> Colocar Renan na agenda
Fechar modelagem dos ativos ex-aterros em operação,ESTRE,concluida,media,felipe.ferla@orizonvr.com.br,francisco.targino@orizonvr.com.br,2026-04-13,,2026-04-17,2026-05-04,felipe.ferla@orizonvr.com.br,
Fechar modelagem dos ativos em construção,ESTRE,concluida,media,felipe.ferla@orizonvr.com.br,francisco.targino@orizonvr.com.br,2026-04-13,,2026-05-04,2026-05-04,felipe.ferla@orizonvr.com.br,
Alinhar agenda com o Léo para quinta,Minoritários,concluida,media,francisco.targino@orizonvr.com.br,francisco.targino@orizonvr.com.br,2026-04-13,,2026-04-16,2026-04-13,francisco.targino@orizonvr.com.br,"Tentar quinta, caso der errado -> sexta"
Verificar pontos de validação Vini,Minoritários,concluida,media,felipe.ferla@orizonvr.com.br,francisco.targino@orizonvr.com.br,2026-04-13,,2026-04-29,2026-06-05,francisco.targino@orizonvr.com.br,
Mandar para o Léo e subir para assinatura,Aterro Dois Arcos,concluida,media,renan.dipardi@orizonvr.com.br,francisco.targino@orizonvr.com.br,2026-04-13,,2026-04-13,2026-04-23,renan.dipardi@orizonvr.com.br,
Marcar agenda no começo de maio com o vendedor,CETRIC,concluida,media,ricardo.sarfatti@orizonvr.com.br,francisco.targino@orizonvr.com.br,2026-04-13,,2026-04-23,2026-06-05,francisco.targino@orizonvr.com.br,
Receber os financials para modelagem (Q&A),CETRIC,concluida,media,ricardo.sarfatti@orizonvr.com.br,francisco.targino@orizonvr.com.br,2026-04-13,,2026-04-23,2026-06-05,francisco.targino@orizonvr.com.br,
Estruturar a WGL consolidada,Aterro Conchal,concluida,media,felipe.ferla@orizonvr.com.br,felipe.ferla@orizonvr.com.br,2026-04-13,,2026-04-14,2026-04-14,felipe.ferla@orizonvr.com.br,
M0,Marca Ambiental,concluida,media,francisco.targino@orizonvr.com.br,francisco.targino@orizonvr.com.br,2026-04-14,,2026-04-16,2026-04-15,francisco.targino@orizonvr.com.br,
Montar Q&A Inicial,Marca Ambiental,concluida,media,francisco.targino@orizonvr.com.br,francisco.targino@orizonvr.com.br,2026-04-15,,2026-04-15,2026-04-16,francisco.targino@orizonvr.com.br,
"Incluir WGL seller, consolidar e enviar para os envolvidos no deal",Aterro Conchal,concluida,media,felipe.ferla@orizonvr.com.br,francisco.targino@orizonvr.com.br,2026-04-16,,2026-04-16,2026-04-17,felipe.ferla@orizonvr.com.br,Também atribuída a: Francisco Guilherme Ataide r Targino
DD Ambiental,Aterro Conchal,concluida,media,felipe.ferla@orizonvr.com.br,francisco.targino@orizonvr.com.br,2026-04-17,,2026-04-27,2026-04-23,francisco.targino@orizonvr.com.br,Também atribuída a: Francisco Guilherme Ataide r Targino
DD Financeira,Aterro Conchal,concluida,media,felipe.ferla@orizonvr.com.br,francisco.targino@orizonvr.com.br,2026-04-17,,2026-04-17,2026-04-20,felipe.ferla@orizonvr.com.br,Também atribuída a: Francisco Guilherme Ataide r Targino
DD Jurídica,Aterro Conchal,concluida,media,felipe.ferla@orizonvr.com.br,francisco.targino@orizonvr.com.br,2026-04-17,,2026-04-17,2026-04-26,francisco.targino@orizonvr.com.br,Também atribuída a: Francisco Guilherme Ataide r Targino
VDR,Aterro Conchal,concluida,media,francisco.targino@orizonvr.com.br,francisco.targino@orizonvr.com.br,2026-04-17,,2026-04-17,2026-04-17,francisco.targino@orizonvr.com.br,
Parecer de riscos,Aterro Rondonópolis,concluida,media,francisco.targino@orizonvr.com.br,francisco.targino@orizonvr.com.br,2026-04-17,,2026-04-22,2026-04-23,renan.dipardi@orizonvr.com.br,
Abrir VDR,Aterro Conchal,concluida,media,felipe.ferla@orizonvr.com.br,francisco.targino@orizonvr.com.br,2026-04-17,,2026-04-22,2026-04-23,francisco.targino@orizonvr.com.br,"Também atribuída a: Francisco Guilherme Ataide r Targino, Renan Di Pardi"
Identificar áreas de apoio interna e marcar agendas para segunda,Marca Ambiental,concluida,media,felipe.ferla@orizonvr.com.br,renan.dipardi@orizonvr.com.br,2026-04-23,,2026-04-27,2026-04-28,renan.dipardi@orizonvr.com.br,Também atribuída a: Vinicius Silva Sansiviero
Fechar cenário Orizon,Marca Ambiental,concluida,media,felipe.ferla@orizonvr.com.br,renan.dipardi@orizonvr.com.br,2026-04-23,,2026-05-11,2026-05-13,felipe.ferla@orizonvr.com.br,Também atribuída a: Vinicius Silva Sansiviero
Fechar estrutura e documento da NBO com possíveis Earn Outs,Marca Ambiental,concluida,media,felipe.ferla@orizonvr.com.br,renan.dipardi@orizonvr.com.br,2026-04-23,,2026-05-11,2026-05-19,felipe.ferla@orizonvr.com.br,Também atribuída a: Vinicius Silva Sansiviero
Subir NBO para assinatura e enviar para APEX,Marca Ambiental,concluida,media,vinicius.sansiviero@orizonvr.com.br,renan.dipardi@orizonvr.com.br,2026-04-23,,2026-05-13,2026-06-05,francisco.targino@orizonvr.com.br,
Revisar modelo Seller,Marca Ambiental,concluida,media,vinicius.sansiviero@orizonvr.com.br,renan.dipardi@orizonvr.com.br,2026-04-23,,2026-04-24,2026-04-28,renan.dipardi@orizonvr.com.br,
Receber Proposta final da semana,Aterro Dois Arcos,concluida,media,renan.dipardi@orizonvr.com.br,renan.dipardi@orizonvr.com.br,2026-04-23,,2026-04-24,2026-04-26,renan.dipardi@orizonvr.com.br,
Ligar pro Crackovsky,Aterro Rio das Pedras,concluida,media,renan.dipardi@orizonvr.com.br,renan.dipardi@orizonvr.com.br,2026-04-23,,2026-06-23,2026-06-05,francisco.targino@orizonvr.com.br,
Fazer MoU,RENOVA,concluida,media,renan.dipardi@orizonvr.com.br,renan.dipardi@orizonvr.com.br,2026-04-23,,2026-04-23,2026-04-26,renan.dipardi@orizonvr.com.br,
Verificar Organograma da Ambientis,AMBIENTIS,concluida,media,renan.dipardi@orizonvr.com.br,renan.dipardi@orizonvr.com.br,2026-04-23,,2026-04-27,2026-06-05,francisco.targino@orizonvr.com.br,
GT- Alinhar assinatura do aditivo,Aterro Conchal,concluida,media,francisco.targino@orizonvr.com.br,renan.dipardi@orizonvr.com.br,2026-04-23,,2026-05-04,2026-04-23,francisco.targino@orizonvr.com.br,
GT- Alinhar geração e pagamento do primeiro boleto,Aterro Conchal,concluida,media,francisco.targino@orizonvr.com.br,renan.dipardi@orizonvr.com.br,2026-04-23,,2026-04-27,2026-04-24,francisco.targino@orizonvr.com.br,
DD Financeira -> Receber Checklist Tiago,Aterro Conchal,concluida,media,felipe.ferla@orizonvr.com.br,francisco.targino@orizonvr.com.br,2026-04-23,,2026-04-27,2026-04-26,francisco.targino@orizonvr.com.br,Também atribuída a: Francisco Guilherme Ataide r Targino
DD Ambiental -> Receber Checklist Tiago,Aterro Conchal,concluida,media,felipe.ferla@orizonvr.com.br,francisco.targino@orizonvr.com.br,2026-04-23,,2026-04-27,2026-04-26,francisco.targino@orizonvr.com.br,Também atribuída a: Francisco Guilherme Ataide r Targino
DD Ambiental -> Agendar visita técnica para 05/05,Aterro Conchal,concluida,media,felipe.ferla@orizonvr.com.br,francisco.targino@orizonvr.com.br,2026-04-23,,2026-04-27,2026-04-25,francisco.targino@orizonvr.com.br,Também atribuída a: Francisco Guilherme Ataide r Targino
DD Jurídica -> Receber os dois checklist do Tiago,Aterro Conchal,concluida,media,felipe.ferla@orizonvr.com.br,francisco.targino@orizonvr.com.br,2026-04-23,,2026-04-27,2026-04-26,francisco.targino@orizonvr.com.br,Também atribuída a: Francisco Guilherme Ataide r Targino
Incluir WGL no VDR,Aterro Conchal,concluida,media,francisco.targino@orizonvr.com.br,francisco.targino@orizonvr.com.br,2026-04-25,,2026-04-27,2026-04-27,francisco.targino@orizonvr.com.br,
Cobrar Léo sobre resposta com Osaná,Aterro Dois Arcos,concluida,media,renan.dipardi@orizonvr.com.br,renan.dipardi@orizonvr.com.br,2026-04-26,,2026-04-28,2026-06-05,francisco.targino@orizonvr.com.br,
Conferir se o Tiago quer colocar contador e advogado na WGL,Aterro Conchal,concluida,media,felipe.ferla@orizonvr.com.br,francisco.targino@orizonvr.com.br,2026-04-27,,2026-04-27,2026-04-28,renan.dipardi@orizonvr.com.br,Também atribuída a: Francisco Guilherme Ataide r Targino
DD jurídico -> Receber informações iniciais,Aterro Conchal,concluida,media,felipe.ferla@orizonvr.com.br,francisco.targino@orizonvr.com.br,2026-04-27,,2026-04-27,2026-04-27,francisco.targino@orizonvr.com.br,Também atribuída a: Francisco Guilherme Ataide r Targino
DD Financeira -> Cobrar o Tiago para incluir documentos no VDR,Aterro Conchal,concluida,media,felipe.ferla@orizonvr.com.br,francisco.targino@orizonvr.com.br,2026-04-27,,2026-04-30,2026-04-27,francisco.targino@orizonvr.com.br,Também atribuída a: Francisco Guilherme Ataide r Targino
DD Ambiental -> Cobrar o Tiago para incluir documentos no VDR,Aterro Conchal,concluida,media,felipe.ferla@orizonvr.com.br,francisco.targino@orizonvr.com.br,2026-04-27,,2026-04-30,2026-04-27,francisco.targino@orizonvr.com.br,Também atribuída a: Francisco Guilherme Ataide r Targino
Parecer de Riscos - Formulário,Aterro Rondonópolis,concluida,media,francisco.targino@orizonvr.com.br,francisco.targino@orizonvr.com.br,2026-04-27,,2026-05-19,2026-05-27,francisco.targino@orizonvr.com.br,Também atribuída a: Renan Di Pardi
Parecer de riscos - Documentação,Aterro Rondonópolis,concluida,media,francisco.targino@orizonvr.com.br,francisco.targino@orizonvr.com.br,2026-04-27,,2026-05-19,2026-05-20,francisco.targino@orizonvr.com.br,
Marcar visita com Ecodue,Aterro Conchal,concluida,media,felipe.ferla@orizonvr.com.br,renan.dipardi@orizonvr.com.br,2026-04-28,,2026-05-05,2026-05-05,felipe.ferla@orizonvr.com.br,
Verificar com Ecodue se info preliminar enviada esta ok,Aterro Conchal,concluida,media,felipe.ferla@orizonvr.com.br,renan.dipardi@orizonvr.com.br,2026-04-28,,2026-04-28,2026-05-04,felipe.ferla@orizonvr.com.br,
Cobrar TN (via THAIS) de retorno sobre lista com n/a,Aterro Conchal,concluida,media,francisco.targino@orizonvr.com.br,renan.dipardi@orizonvr.com.br,2026-04-28,,2026-04-28,2026-04-28,francisco.targino@orizonvr.com.br,
Verificar com aurea (ou alguem que esteja na pergunta) o funcionamento do Q&A,Aterro Conchal,concluida,media,francisco.targino@orizonvr.com.br,francisco.targino@orizonvr.com.br,2026-04-28,,2026-04-30,2026-04-30,francisco.targino@orizonvr.com.br,
Cobrar (pela Aurea) TN para criar as subpastas,Aterro Conchal,concluida,media,francisco.targino@orizonvr.com.br,francisco.targino@orizonvr.com.br,2026-04-28,,2026-04-28,2026-04-28,francisco.targino@orizonvr.com.br,
Modelo - Estre,ESTRE,concluida,media,felipe.ferla@orizonvr.com.br,felipe.ferla@orizonvr.com.br,2026-04-29,,2026-04-30,2026-05-04,felipe.ferla@orizonvr.com.br,
Perguntar pro Johny sobre as concessões,ESTRE,concluida,media,felipe.ferla@orizonvr.com.br,felipe.ferla@orizonvr.com.br,2026-05-04,,2026-05-05,2026-05-05,felipe.ferla@orizonvr.com.br,
Mensagem Ivan - Expert Session com Laganá,ESTRE,concluida,media,felipe.ferla@orizonvr.com.br,felipe.ferla@orizonvr.com.br,2026-05-04,,2026-05-05,2026-05-05,felipe.ferla@orizonvr.com.br,
Pedir Juridico enviar NDA para contraparte,Seiva,concluida,media,vinicius.sansiviero@orizonvr.com.br,vinicius.sansiviero@orizonvr.com.br,2026-05-11,,,2026-06-03,vinicius.sansiviero@orizonvr.com.br,E-mail Daniel: dnascimento@seivacoleta.com.br (31) 99684-3977
Marcar Reunião - Ivan e Toninho para entender Capex de construção na DRE,ESTRE,concluida,media,felipe.ferla@orizonvr.com.br,felipe.ferla@orizonvr.com.br,2026-05-19,,2026-05-20,2026-05-20,felipe.ferla@orizonvr.com.br,
FUP Leo sobre deal,Terreno - Mossoró,concluida,media,renan.dipardi@orizonvr.com.br,vinicius.sansiviero@orizonvr.com.br,2026-05-20,,2026-05-20,2026-06-05,francisco.targino@orizonvr.com.br,Ver com o Leo se seguiremos com o Deal. Unica alternativa vista até o momento é: seguirmos | Também atribuída a: Vinicius Silva Sansiviero
Validar com Renan se Estiva e Condeul vão entrar no escopo da DD Financeira,Aterro Conchal,concluida,media,felipe.ferla@orizonvr.com.br,felipe.ferla@orizonvr.com.br,2026-05-21,,2026-05-21,2026-06-05,francisco.targino@orizonvr.com.br,
Pontos para discussão Tiago,Aterro Conchal,concluida,media,felipe.ferla@orizonvr.com.br,felipe.ferla@orizonvr.com.br,2026-05-21,,2026-06-08,2026-06-08,felipe.ferla@orizonvr.com.br,
Planner Pós M&A - Mesma linha de Presidente Prudente,Aterro Rondonópolis,concluida,media,francisco.targino@orizonvr.com.br,francisco.targino@orizonvr.com.br,2026-06-03,,2026-06-09,2026-06-09,francisco.targino@orizonvr.com.br,
Material que precisa subir para aprovação do conselho,Aterro Rondonópolis,concluida,media,felipe.ferla@orizonvr.com.br,francisco.targino@orizonvr.com.br,2026-06-03,,2026-06-08,2026-06-08,francisco.targino@orizonvr.com.br,Também atribuída a: Francisco Guilherme Ataide r Targino
Check Modelo (M4) para virar Orçamento,Aterro Rondonópolis,concluida,media,felipe.ferla@orizonvr.com.br,francisco.targino@orizonvr.com.br,2026-06-03,,2026-06-08,2026-06-12,felipe.ferla@orizonvr.com.br,Laganá vai fazer uma reunião com o Zorzi as 15:30 hoje para definirem as premissas
Adicionar no modelo a cidade de Leme,Aterro Conchal,concluida,media,felipe.ferla@orizonvr.com.br,francisco.targino@orizonvr.com.br,2026-06-05,,2026-06-09,2026-06-08,felipe.ferla@orizonvr.com.br,
Cronograma de fechamento da DD,Aterro Conchal,concluida,media,felipe.ferla@orizonvr.com.br,francisco.targino@orizonvr.com.br,2026-06-05,,2026-06-09,2026-06-08,felipe.ferla@orizonvr.com.br,Na linha do cronograma da proposta de DD Financeira
Definição do estudo de solo,Aterro Conchal,concluida,media,felipe.ferla@orizonvr.com.br,francisco.targino@orizonvr.com.br,2026-06-05,,2026-06-08,2026-06-10,felipe.ferla@orizonvr.com.br,Fuzaro vai ter uma conversa mais técnica com o Valdir e vão cuidar da contratação dos especialistas
Fechar Propostas DD Financeira,Aterro Dois Arcos,nao_iniciada,media,renan.dipardi@orizonvr.com.br,francisco.targino@orizonvr.com.br,2026-06-05,,2026-06-08,,,
Aprovar DD Jurídica,Aterro Dois Arcos,nao_iniciada,media,renan.dipardi@orizonvr.com.br,francisco.targino@orizonvr.com.br,2026-06-05,,2026-06-08,,,
Fechar com o Fuzaro DD Ecodue,Aterro Dois Arcos,nao_iniciada,media,renan.dipardi@orizonvr.com.br,francisco.targino@orizonvr.com.br,2026-06-05,,2026-06-05,,,
Email para diretoria fechar WGL,Aterro Dois Arcos,concluida,media,felipe.ferla@orizonvr.com.br,francisco.targino@orizonvr.com.br,2026-06-05,,2026-06-08,2026-06-11,felipe.ferla@orizonvr.com.br,Operacional - OK Carbono - OK Engenharia - Pendente Comercial - Pendente Jurídico - OK
Subir todos os NDAs internos,Aterro Dois Arcos,concluida,media,francisco.targino@orizonvr.com.br,francisco.targino@orizonvr.com.br,2026-06-05,,2026-06-10,2026-06-12,francisco.targino@orizonvr.com.br,
Agendar Reunião Kick Off para quarta,Aterro Dois Arcos,em_andamento,media,felipe.ferla@orizonvr.com.br,francisco.targino@orizonvr.com.br,2026-06-05,,2026-06-15,,,Pendente receber confirmação dos participantes do grupo interno
Ler Process Letter e anotar prazos DD em um cronograma,Aterro Dois Arcos,concluida,media,francisco.targino@orizonvr.com.br,francisco.targino@orizonvr.com.br,2026-06-05,,2026-06-09,2026-06-09,francisco.targino@orizonvr.com.br,Incluir cronograma das propostas de Diligência
Mapeamento dos pontos para validação na DD,Aterro Dois Arcos,em_andamento,media,felipe.ferla@orizonvr.com.br,francisco.targino@orizonvr.com.br,2026-06-05,,2026-06-08,,,Lista preliminar montada. Verificando com o Laganá e Laguardia pontos adicionais para ressaltarmos
Revisar Proposta,Marca Ambiental,nao_iniciada,media,renan.dipardi@orizonvr.com.br,francisco.targino@orizonvr.com.br,2026-06-05,,2026-06-05,,,
Receber as informações para cotar DD,Marca Ambiental,nao_iniciada,media,francisco.targino@orizonvr.com.br,francisco.targino@orizonvr.com.br,2026-06-05,,2026-06-09,,,Também atribuída a: Renan Di Pardi
Cotar Diligências,Marca Ambiental,nao_iniciada,media,francisco.targino@orizonvr.com.br,francisco.targino@orizonvr.com.br,2026-06-05,,2026-06-09,,,
Verificar atualização com o Léo,ESTRE,nao_iniciada,media,renan.dipardi@orizonvr.com.br,francisco.targino@orizonvr.com.br,2026-06-05,,2026-06-05,,,
Analisar DD antigas,ESTRE,concluida,media,francisco.targino@orizonvr.com.br,francisco.targino@orizonvr.com.br,2026-06-05,,2026-06-08,2026-06-08,francisco.targino@orizonvr.com.br,Entender o prazo das DDs antigas -> Possível redução de escopo e preço Entender se todos os ativos foram analisados na DD anterior Aterros já analisados -> redução escopo/prazo Aterros não analisados -> DD do zero Entender questão da DD do crédito
Definir se vamos executar a opção de compra,Terreno - Mossoró,nao_iniciada,media,renan.dipardi@orizonvr.com.br,francisco.targino@orizonvr.com.br,2026-06-05,,2026-06-09,,,
Concluir M0,Diamantina,nao_iniciada,media,francisco.targino@orizonvr.com.br,francisco.targino@orizonvr.com.br,2026-06-05,,2026-06-10,,,Usar aterro para transbordar para Presidente Prudente
Pedir pra incluir atualização do EBITDA da BDO,Aterro Dois Arcos,concluida,media,felipe.ferla@orizonvr.com.br,felipe.ferla@orizonvr.com.br,2026-06-10,,2026-06-10,2026-06-11,felipe.ferla@orizonvr.com.br,
Comparar escopo da proposta da Mazars e BDO,Aterro Dois Arcos,nao_iniciada,media,felipe.ferla@orizonvr.com.br,felipe.ferla@orizonvr.com.br,2026-06-10,,,,,
Verificar Toneladas e tarifas do modelo com base na DD,Aterro Rondonópolis,nao_iniciada,media,francisco.targino@orizonvr.com.br,felipe.ferla@orizonvr.com.br,2026-06-11,,2026-06-11,,,Qualquer coisa fala cmg e te explico melhor
Marca - Ajuste,Sem bucket,concluida,media,felipe.ferla@orizonvr.com.br,felipe.ferla@orizonvr.com.br,2026-06-11,,2026-06-11,2026-06-12,felipe.ferla@orizonvr.com.br,
